CSD refcode,CIF filename
ABAYIO,abayio_P1_charged
ABETIN,abetin_P1_charged_H
ABEXEN,abexen_P1_charged
ACEMEE,acemee_P1_charged
ACODON,acodon_P1_charged_H
ADATUW,adatuw_P1_charged
ADEGEY,adegey_P1_charged
ADINCU,adincu_P1_charged_H
ADIPAI,adipai_P1_charged
ADUWON,aduwon_P1_charged_H
AFADAN,afadan_P1_charged
AFENEE,afenee_P1_charged
AFUVUV,afuvuv_P1_charged
AGABIU,agabiu_P1_charged_H
AGOFEJ,agofej_P1_charged_H
AGOVID,agovid_P1_charged
AGOWAW,agowaw_P1_charged
AGOWEA,agowea_P1_charged
AJOCOU,ajocou_P1_charged
AKOBAF,akobaf_P1_charged_H
ALECAY,alecay_P1_charged
ALICEE,alicee_P1_charged
ALICII,alicii_P1_charged
ALIXID,alixid_P1_charged
ALOLES,aloles_P1_charged_H
ALOLIY,aloliy_P1_charged
ALURAB,alurab_P1_charged
ALUREF,aluref_P1_charged
ALURIJ,alurij_P1_charged
AMEJIM,amejim_P1_charged_H
AMIYIG,amiyig_P1_charged
AMIZAZ,amizaz_P1_charged
AMIZAZ01,amizaz01_P1_charged
AMIZAZ02,amizaz02_P1_charged
AMOBAI,amobai_P1_charged
AMOBEL02,amobel02_P1_charged
AMOMUM,amomum_P1_charged
AMONAT,amonat_P1_charged
AMURUX02,amurux02_P1_charged
AMURUX10,amurux10_P1_charged
AMURUX11,amurux11_P1_charged
AMUVAI,amuvai_P1_charged_H
AMUWIP,amuwip_P1_charged
AMUXAI,amuxai_P1_charged_H
APOBEP,apobep_P1_charged
AQAGEH,aqageh_P1_charged_H
AQIXUV,aqixuv_P1_charged
ARADEE,aradee_P1_charged
ARINUL,arinul_P1_charged
AROQAB,aroqab_P1_charged
ASIQEA,asiqea_P1_charged
ASIQIE,asiqie_P1_charged
ASITAA,asitaa_P1_charged
ASOLUS,asolus_P1_charged
ASOMAZ,asomaz_P1_charged
ASUJIJ,asujij_P1_charged
ATEYED,ateyed_P1_charged_H
ATEYOP,ateyop_P1_charged
ATEYUV,ateyuv_P1_charged
ATEZAC,atezac_P1_charged
ATIXUX,atixux_P1_charged
ATURIS,aturis_P1_charged
ATUXOE,atuxoe_P1_charged_H
ATUXUK,atuxuk_P1_charged_H
ATUYAR,atuyar_P1_charged_H
AVEBUB,avebub_P1_charged
AVEBUB01,avebub01_P1_charged
AVETEC01,avetec01_P1_charged
AVIVAC,avivac_P1_charged
AVIVEG,aviveg_P1_charged
AVIVIK,avivik_P1_charged
AVIVOQ,avivoq_P1_charged
AVIVUW,avivuw_P1_charged
AWAGOV,awagov_P1_charged
AWEDOW,awedow_P1_charged
AWEVIJ,awevij_P1_charged_H
AXUKUB,axukub_P1_charged
AXULAI,axulai_P1_charged
AXULEM,axulem_P1_charged
AYUWUM,ayuwum_P1_charged
AZEKIC,azekic_P1_charged_H
AZEKOI,azekoi_P1_charged_H
AZOXUL,azoxul_P1_charged_H
AZUJIR,azujir_P1_charged
BADZAK,badzak_P1_charged
BAFBES,bafbes_P1_charged_H
BALJOQ,baljoq_P1_charged
BAMKIM,bamkim_P1_charged
BAMKOS,bamkos_P1_charged_H
BAMMOU,bammou_P1_charged
BAMMUA,bammua_P1_charged
BAMNAH,bamnah_P1_charged
BAMNEL,bamnel_P1_charged
BARKUD,barkud_P1_charged
BARLEO,barleo_P1_charged
BARMEP,barmep_P1_charged_H
BASMAM,basmam_P1_charged
BATTAV,battav_P1_charged
BAWRUO,bawruo_P1_charged_H
BEFVIV,befviv_P1_charged_H
BEJYOH,bejyoh_P1_charged
BEJYUN,bejyun_P1_charged
BELVAR,belvar_P1_charged
BEQJOZ,beqjoz_P1_charged
BEQJUF,beqjuf_P1_charged
BEQKIV,beqkiv_P1_charged
BERQAS01,berqas01_P1_charged
BETHIT,bethit_P1_charged_H
BEWVEG,bewveg_P1_charged
BEWVOQ,bewvoq_P1_charged_H
BIDMAE,bidmae_P1_charged_H
BIDPAH,bidpah_P1_charged
BIFNOW,bifnow_P1_charged_H
BIFPAK,bifpak_P1_charged_H
BIFPOY,bifpoy_P1_charged_H
BIFSOB,bifsob_P1_charged
BIHBAX,bihbax_P1_charged_H
BIJZEC,bijzec_P1_charged
BIRBIQ,birbiq_P1_charged_H
BIRBOW,birbow_P1_charged_H
BIRBUC,birbuc_P1_charged_H
BIRCAJ,bircaj_P1_charged_H
BOCFIL,bocfil_P1_charged
BOFBII,bofbii_P1_charged
BOMCUB,bomcub_P1_charged
BOMVUX,bomvux_P1_charged
BOPHIZ,bophiz_P1_charged_H
BOPPUU,boppuu_P1_charged
BOWNEJ,bownej_P1_charged
BOWZUK,bowzuk_P1_charged
BOXFAW,boxfaw_P1_charged_H
BOXFEA,boxfea_P1_charged_H
BOXFIE,boxfie_P1_charged
BOXFOK,boxfok_P1_charged_H
BOXYIY,boxyiy_P1_charged
BUFNEW,bufnew_P1_charged_H
BUFNOG,bufnog_P1_charged_H
BUFNUM,bufnum_P1_charged_H
BUFNUM01,bufnum01_P1_charged_H
BUFNUM02,bufnum02_P1_charged_H
BUFPAU01,bufpau01_P1_charged_H
BUJMAX,bujmax_P1_charged_H
BUJMEB,bujmeb_P1_charged_H
BUNMOP,bunmop_P1_charged
BUPDUM,bupdum_P1_charged
BUPFAU,bupfau_P1_charged
BUPFEY,bupfey_P1_charged
BUPGUP,bupgup_P1_charged
BUVFAC,buvfac_P1_charged
BUWLUC,buwluc_P1_charged_H
BUWMAJ,buwmaj_P1_charged_H
BUWMEN,buwmen_P1_charged
BUWMIR,buwmir_P1_charged
BUXTIZ,buxtiz_P1_charged
BUYNAL,buynal_P1_charged
CACBUG,cacbug_P1_charged
CAFRUX,cafrux_P1_charged
CAHSEN,cahsen_P1_charged
CAHWAN,cahwan_P1_charged
CAJWAN,cajwan_P1_charged
CAQCAZ,caqcaz_P1_charged
CARFEJ,carfej_P1_charged
CARFOT,carfot_P1_charged_H
CATXAA,catxaa_P1_charged_H
CAWDOU,cawdou_P1_charged
CAWDOU02,cawdou02_P1_charged
CAXTUS,caxtus_P1_charged
CAZGOZ,cazgoz_P1_charged_H
CAZNIC,caznic_P1_charged
CAZNOI,caznoi_P1_charged_H
CAZZIP,cazzip_P1_charged
CEBDOD,cebdod_P1_charged_H
CEBSOV,cebsov_P1_charged
CECKIH,ceckih_P1_charged_H
CECKON,ceckon_P1_charged_H
CEFDAU,cefdau_P1_charged
CEJCAW,cejcaw_P1_charged_H
CEKROB,cekrob_P1_charged
CELJUA,celjua_P1_charged
CELNUF,celnuf_P1_charged
CEMJOV,cemjov_P1_charged
CENQAP,cenqap_P1_charged
CETKUK,cetkuk_P1_charged
CETLAR,cetlar_P1_charged
CEVCAK,cevcak_P1_charged
CEVJEV,cevjev_P1_charged
CEZCOC,cezcoc_P1_charged_H
CIDNIM,cidnim_P1_charged_H
CIFLAH,ciflah_P1_charged_H
CIJLIT,cijlit_P1_charged_H
CIMTAV,cimtav_P1_charged_H
CIMTEZ,cimtez_P1_charged_H
CIPREZ,ciprez_P1_charged_H
CIYHOK,ciyhok_P1_charged
COCDAC,cocdac_P1_charged
COCDEG,cocdeg_P1_charged
COKFAK,cokfak_P1_charged
COKMEW,cokmew_P1_charged
COKMIA,cokmia_P1_charged
COKMOG,cokmog_P1_charged
COKMUM,cokmum_P1_charged
COKNAT,coknat_P1_charged
COKNIB,coknib_P1_charged
COKNOH,coknoh_P1_charged
COKNUN,coknun_P1_charged
COKPEZ,cokpez_P1_charged
COKPID,cokpid_P1_charged
COKPOJ,cokpoj_P1_charged
COKPUP,cokpup_P1_charged
COKQAW,cokqaw_P1_charged_H
COKQEA,cokqea_P1_charged
COKQIE,cokqie_P1_charged
COKQOK,cokqok_P1_charged
CONWOU,conwou_P1_charged
CONWUA,conwua_P1_charged
COPBOB,copbob_P1_charged_H
COQHUN,coqhun_P1_charged_H
COQKEB,coqkeb_P1_charged
COTYIV,cotyiv_P1_charged
COWSAL,cowsal_P1_charged_H
COXFOL,coxfol_P1_charged_H
CUBQIB,cubqib_P1_charged_H
CUCFOX,cucfox_P1_charged_H
CUDPOI,cudpoi_P1_charged
CUDPUO,cudpuo_P1_charged
CUDQAV,cudqav_P1_charged
CUDQEZ,cudqez_P1_charged
CUFDOX,cufdox_P1_charged
CUFFEP,cuffep_P1_charged_H
CUFFIT,cuffit_P1_charged
CUFFOZ,cuffoz_P1_charged
CUFFUF,cuffuf_P1_charged_H
CUKXEN,cukxen_P1_charged
CUMDIY,cumdiy_P1_charged
CUQSAK,cuqsak_P1_charged
CUSDIE,cusdie_P1_charged_H
CUSHEG,cusheg_P1_charged
CUSHIK,cushik_P1_charged
CUSHUW,cushuw_P1_charged
CUSJAE,cusjae_P1_charged
CUSJOS,cusjos_P1_charged
CUSKOT,cuskot_P1_charged_H
CUSLAG,cuslag_P1_charged_H
CUTFON,cutfon_P1_charged
CUTFUT,cutfut_P1_charged
CUTGAA,cutgaa_P1_charged
CUWNOZ,cuwnoz_P1_charged
CUYBIK,cuybik_P1_charged
DABFET,dabfet_P1_charged
DABFIX,dabfix_P1_charged
DACDIY,dacdiy_P1_charged_H
DACYUE,dacyue_P1_charged
DADTOS,dadtos_P1_charged
DADTOS01,dadtos01_P1_charged
DADTOS02,dadtos02_P1_charged
DADTOS04,dadtos04_P1_charged
DADTOS05,dadtos05_P1_charged
DADTOS06,dadtos06_P1_charged
DADTOS08,dadtos08_P1_charged
DADTOS12,dadtos12_P1_charged
DADTOS13,dadtos13_P1_charged
DADTOS14,dadtos14_P1_charged
DADTOS15,dadtos15_P1_charged
DADTOS16,dadtos16_P1_charged
DADTOS17,dadtos17_P1_charged
DADTUY,dadtuy_P1_charged
DADTUY14,dadtuy14_P1_charged_H
DADVAG,dadvag_P1_charged
DADVAG01,dadvag01_P1_charged
DADVAG02,dadvag02_P1_charged
DADVAG04,dadvag04_P1_charged
DADVAG05,dadvag05_P1_charged
DADVAG06,dadvag06_P1_charged
DADVAG08,dadvag08_P1_charged
DADVAG10,dadvag10_P1_charged
DAFJUS,dafjus_P1_charged
DAHCAS,dahcas_P1_charged
DAJWET,dajwet_P1_charged_H
DALCEZ,dalcez_P1_charged
DALJUZ,daljuz_P1_charged
DALKAG,dalkag_P1_charged
DALKEK,dalkek_P1_charged
DALSAN,dalsan_P1_charged
DALSER,dalser_P1_charged_H
DAMQUF,damquf_P1_charged
DANZAV,danzav_P1_charged_H
DANZEZ,danzez_P1_charged_H
DANZID,danzid_P1_charged_H
DAPVAV,dapvav_P1_charged
DAPYAW,dapyaw_P1_charged_H
DARCOQ,darcoq_P1_charged
DARCUW,darcuw_P1_charged
DARDAD,dardad_P1_charged
DARDEH,dardeh_P1_charged
DARDIL,dardil_P1_charged
DARDOR,dardor_P1_charged
DARDUX,dardux_P1_charged
DARFAF,darfaf_P1_charged
DARFEJ,darfej_P1_charged
DARFIN,darfin_P1_charged
DARFOT,darfot_P1_charged
DARNUJ,darnuj_P1_charged
DASHAK,dashak_P1_charged
DASTEY01,dastey01_P1_charged
DASTEY02,dastey02_P1_charged
DAXFEQ,daxfeq_P1_charged
DAXKOE,daxkoe_P1_charged
DAXNIA,daxnia_P1_charged
DAXNIA01,daxnia01_P1_charged
DAXNIA02,daxnia02_P1_charged
DAXNIA03,daxnia03_P1_charged
DAXNIA04,daxnia04_P1_charged_H
DAXQUS,daxqus_P1_charged
DECVIT,decvit_P1_charged
DEDFEB,dedfeb_P1_charged
DEGPEL,degpel_P1_charged_H
DEHFUR,dehfur_P1_charged_H
DEHFUR01,dehfur01_P1_charged
DEQMOE,deqmoe_P1_charged
DERBIO,derbio_P1_charged
DEWQUS,dewqus_P1_charged_H
DEYMOL,deymol_P1_charged
DEZCER,dezcer_P1_charged
DIBJIJ,dibjij_P1_charged
DIFZAW,difzaw_P1_charged
DIHPIU,dihpiu_P1_charged
DIRPIF,dirpif_P1_charged
DIVPUU,divpuu_P1_charged
DIVRUY,divruy_P1_charged_H
DIVYOZ,divyoz_P1_charged_H
DIXVUC01,dixvuc01_P1_charged
DIXVUC04,dixvuc04_P1_charged
DIZQEL,dizqel_P1_charged
DOGMET,dogmet_P1_charged_H
DOJPOK,dojpok_P1_charged
DOJPOK01,dojpok01_P1_charged
DOKHIV,dokhiv_P1_charged_H
DONKUO,donkuo_P1_charged_H
DONXUC,donxuc_P1_charged
DOQKAW,doqkaw_P1_charged
DOQRUY,doqruy_P1_charged
DOQSAF,doqsaf_P1_charged
DORFAS,dorfas_P1_charged
DOTFID,dotfid_P1_charged
DOTFOK,dotfok_P1_charged
DOYHOQ,doyhoq_P1_charged_H
DOYHUW,doyhuw_P1_charged
DOZCEC,dozcec_P1_charged_H
DUDHAO,dudhao_P1_charged
DUDHES,dudhes_P1_charged
DUDVUV,dudvuv_P1_charged
DUFKAS,dufkas_P1_charged_H
DUJQUW01,dujquw01_P1_charged_H
DULCAQ,dulcaq_P1_charged
DUMGOI,dumgoi_P1_charged
DUPJAB,dupjab_P1_charged_H
DUPKIK,dupkik_P1_charged
DUQKIM,duqkim_P1_charged
DUQSAK,duqsak_P1_charged
DUQYEU,duqyeu_P1_charged
DUQYEU01,duqyeu01_P1_charged
DUYBIL,duybil_P1_charged_H
DUYJIS,duyjis_P1_charged
DUZKAM,duzkam_P1_charged_H
EBEPOU,ebepou_P1_charged
EBEVAK,ebevak_P1_charged
EBIBEY,ebibey_P1_charged
EBIDOK,ebidok_P1_charged
EBIMIN,ebimin_P1_charged
EBIMOT,ebimot_P1_charged_H
ECEFIC,ecefic_P1_charged_H
EDADAP,edadap_P1_charged_H
EDATOT,edatot_P1_charged
EDIKEH,edikeh_P1_charged
EDOBAE,edobae_P1_charged
EDOVEA,edovea_P1_charged_H
EDOVIE,edovie_P1_charged_H
EFOXUV,efoxuv_P1_charged
EGAXAO,egaxao_P1_charged_H
EGOZAB,egozab_P1_charged
EHABUN,ehabun_P1_charged
EHAFOL,ehafol_P1_charged
EHAFUR,ehafur_P1_charged
EHAGEA,ehagea_P1_charged
EHIWIE,ehiwie_P1_charged
EHIWOK,ehiwok_P1_charged
EJIBEH,ejibeh_P1_charged
EJIPUL,ejipul_P1_charged_H
EJIQAS,ejiqas_P1_charged_H
EJIQIZ,ejiqiz_P1_charged
EKAQOZ,ekaqoz_P1_charged
ELISEA,elisea_P1_charged_H
ELOFIU,elofiu_P1_charged_H
ELOZOW,elozow_P1_charged
ELUBIZ,elubiz_P1_charged
ELUBOF,elubof_P1_charged
EMAFAA,emafaa_P1_charged
EMAFII,emafii_P1_charged
EMIHAK,emihak_P1_charged
EMIHIS,emihis_P1_charged
EMIVAY,emivay_P1_charged
EMIYAD,emiyad_P1_charged
ENATUJ,enatuj_P1_charged
ENECIM,enecim_P1_charged
ENEQOF,eneqof_P1_charged
ENEQUL,enequl_P1_charged
ENESOH,enesoh_P1_charged_H
ENESUN,enesun_P1_charged_H
EPAVAU,epavau_P1_charged
EPOXOZ,epoxoz_P1_charged
EPOXUF,epoxuf_P1_charged_H
EPUVAN,epuvan_P1_charged
EQUMUA,equmua_P1_charged
EQUNAH,equnah_P1_charged
EQUNIP,equnip_P1_charged_H
ERIJUM,erijum_P1_charged
EROCIZ,erociz_P1_charged
EROJUT,erojut_P1_charged_H
ERUNIQ,eruniq_P1_charged
ESAFIQ,esafiq_P1_charged_H
ESECOW,esecow_P1_charged
ETELEX,etelex_P1_charged
ETETAB,etetab_P1_charged_H
ETIKOK,etikok_P1_charged
ETUJOU,etujou_P1_charged
ETUJUA,etujua_P1_charged
ETUWEW,etuwew_P1_charged
ETUWIA,etuwia_P1_charged
EVEGIV,evegiv_P1_charged
EVEGUH,eveguh_P1_charged_H
EWEWUZ,ewewuz_P1_charged_H
EWIMON,ewimon_P1_charged
EWULOA,ewuloa_P1_charged
EXEMUR,exemur_P1_charged
EXOJAC,exojac_P1_charged
EZAWIL,ezawil_P1_charged_H
FABFOF,fabfof_P1_charged_H
FABGOG,fabgog_P1_charged
FABGUM,fabgum_P1_charged
FAGMAE,fagmae_P1_charged
FAGMEI,fagmei_P1_charged
FAGMOS,fagmos_P1_charged
FAHFUR,fahfur_P1_charged_H
FAHQIQ,fahqiq_P1_charged
FAJYAT,fajyat_P1_charged
FAJYIB,fajyib_P1_charged
FAJZIC,fajzic_P1_charged
FAKLIO,faklio_P1_charged
FAKLOU,faklou_P1_charged
FAKMOX,fakmox_P1_charged_H
FALVOF,falvof_P1_charged_H
FALVOF01,falvof01_P1_charged_H
FALVUL02,falvul02_P1_charged_H
FARGIQ,fargiq_P1_charged
FAVFIU,favfiu_P1_charged_H
FAVKAP,favkap_P1_charged_H
FAZRAA,fazraa_P1_charged
FECXOC,fecxoc_P1_charged_H
FEDBAV,fedbav_P1_charged_H
FEGNIQ,fegniq_P1_charged_H
FENVOL,fenvol_P1_charged_H
FERGUG,fergug_P1_charged
FEVTEF,fevtef_P1_charged
FEVVIM,fevvim_P1_charged
FIDLUC,fidluc_P1_charged_H
FIFGAE,fifgae_P1_charged_H
FIFGEI,fifgei_P1_charged_H
FIJDEI,fijdei_P1_charged
FILBAG,filbag_P1_charged_H
FILGUE,filgue_P1_charged
FIMYUX,fimyux_P1_charged
FIMZAE,fimzae_P1_charged
FINFUG,finfug_P1_charged
FIPKOG,fipkog_P1_charged
FIPKUM,fipkum_P1_charged
FISQOQ,fisqoq_P1_charged
FISVEL,fisvel_P1_charged
FITHAS,fithas_P1_charged
FITJAU,fitjau_P1_charged_H
FITJEY,fitjey_P1_charged_H
FIVSAH,fivsah_P1_charged
FIVTUC,fivtuc_P1_charged
FIXLAC,fixlac_P1_charged_H
FOJBIR,fojbir_P1_charged
FOJKOG,fojkog_P1_charged
FOMWOV,fomwov_P1_charged
FORPIM,forpim_P1_charged
FORQIN,forqin_P1_charged
FORWAL,forwal_P1_charged_H
FOTQAI,fotqai_P1_charged
FOVPEN,fovpen_P1_charged
FUFQUT,fufqut_P1_charged
FUMHEC,fumhec_P1_charged
FURHOS,furhos_P1_charged
FUTDII,futdii_P1_charged
FUTTOF,futtof_P1_charged
FUTZOL,futzol_P1_charged
FUWXIF,fuwxif_P1_charged
FUYCEJ,fuycej_P1_charged_H
FUYCIN,fuycin_P1_charged_H
FUYKER,fuyker_P1_charged
FUZKAN,fuzkan_P1_charged
FUZRID,fuzrid_P1_charged_H
GAHQIT,gahqit_P1_charged
GAHROZ,gahroz_P1_charged
GAJVEU,gajveu_P1_charged_H
GAMFEI,gamfei_P1_charged
GAQKOB,gaqkob_P1_charged
GATBUZ,gatbuz_P1_charged
GATJIV,gatjiv_P1_charged
GAVYAG,gavyag_P1_charged
GAWZOX,gawzox_P1_charged
GECRAI,gecrai_P1_charged_H
GECYAS,gecyas_P1_charged
GEFTET,geftet_P1_charged
GEGBEB,gegbeb_P1_charged_H
GEGBOL,gegbol_P1_charged_H
GENGIR,gengir_P1_charged
GERWIL,gerwil_P1_charged_H
GERWOR,gerwor_P1_charged_H
GEVXIQ,gevxiq_P1_charged
GEZMIK,gezmik_P1_charged
GIFJUD,gifjud_P1_charged
GIKYIL,gikyil_P1_charged
GINDAL,gindal_P1_charged
GINHOD,ginhod_P1_charged_H
GIQHAQ,giqhaq_P1_charged
GISZUF,giszuf_P1_charged
GIVHIC,givhic_P1_charged
GIVNIK,givnik_P1_charged
GIVNOQ,givnoq_P1_charged_H
GIWCAR,giwcar_P1_charged
GIXTUF,gixtuf_P1_charged
GOBFUZ,gobfuz_P1_charged
GODDIP,goddip_P1_charged_H
GODMUK,godmuk_P1_charged_H
GODNAR,godnar_P1_charged
GODNIZ,godniz_P1_charged
GOSCAV,goscav_P1_charged
GOVKOU,govkou_P1_charged_H
GOXHEJ,goxhej_P1_charged
GUBPIE,gubpie_P1_charged
GUBPOK,gubpok_P1_charged
GUBPUQ,gubpuq_P1_charged
GUBQAX,gubqax_P1_charged
GUCDOA,gucdoa_P1_charged
GUFHUN,gufhun_P1_charged_H
GUFYUE,gufyue_P1_charged_H
GUHMIH,guhmih_P1_charged_H
GUJREK,gujrek_P1_charged_H
GUJREK01,gujrek01_P1_charged_H
GUKBUL,gukbul_P1_charged_H
GUKYUI,gukyui_P1_charged
GUMBIA,gumbia_P1_charged
GUTCEF,gutcef_P1_charged_H
GUTCIJ,gutcij_P1_charged_H
GUVYAA,guvyaa_P1_charged
GUXQUM,guxqum_P1_charged
GUXRAT,guxrat_P1_charged
GUXZIJ,guxzij_P1_charged
GUZQEA,guzqea_P1_charged
GUZVUU,guzvuu_P1_charged
HAFWUI01,hafwui01_P1_charged
HAFXOE,hafxoe_P1_charged
HAGCOL,hagcol_P1_charged
HAGTAN,hagtan_P1_charged
HAHTIX,hahtix_P1_charged
HAJDII,hajdii_P1_charged
HAKVIB,hakvib_P1_charged
HAKVUN,hakvun_P1_charged_H
HALNOB,halnob_P1_charged_H
HALNUH,halnuh_P1_charged_H
HAMLIT,hamlit_P1_charged_H
HANKUE,hankue_P1_charged_H
HAPBOT,hapbot_P1_charged_H
HAPZUW,hapzuw_P1_charged
HAQKES,haqkes_P1_charged_H
HAQRID,haqrid_P1_charged
HAQROJ,haqroj_P1_charged
HAVPUT,havput_P1_charged_H
HAVZIP,havzip_P1_charged_H
HAYLIE,haylie_P1_charged
HEFDON,hefdon_P1_charged
HEFDUT,hefdut_P1_charged_H
HEFFEF,heffef_P1_charged
HEGPER,hegper_P1_charged
HEHKUD,hehkud_P1_charged_H
HEHLAK,hehlak_P1_charged_H
HEHZAY,hehzay_P1_charged_H
HEJTOI,hejtoi_P1_charged
HEMTEZ,hemtez_P1_charged_H
HENSEB,henseb_P1_charged
HENSEB01,henseb01_P1_charged
HEPHIW,hephiw_P1_charged
HETCOB,hetcob_P1_charged_H
HIFVEZ,hifvez_P1_charged
HIFZAY,hifzay_P1_charged_H
HIHFUB,hihfub_P1_charged_H
HIMSAY,himsay_P1_charged
HINFER,hinfer_P1_charged
HIQJOI,hiqjoi_P1_charged
HIQKAV,hiqkav_P1_charged
HOCMOE,hocmoe_P1_charged_H
HOCXEF,hocxef_P1_charged
HOGJUK,hogjuk_P1_charged_H
HOKGUJ,hokguj_P1_charged
HOQMIL04,hoqmil04_P1_charged
HORBAU,horbau_P1_charged
HOWPOA,howpoa_P1_charged
HOWQER,howqer_P1_charged
HOWQER01,howqer01_P1_charged
HOWQER02,howqer02_P1_charged
HOZFIN,hozfin_P1_charged_H
HOZHOW,hozhow_P1_charged
HUFHEX,hufhex_P1_charged
HUFHIB,hufhib_P1_charged
HUFHOH,hufhoh_P1_charged
HUFJAV,hufjav_P1_charged
HUFJEZ,hufjez_P1_charged
HUHBET,huhbet_P1_charged
HUJVOX,hujvox_P1_charged
HUKQUZ,hukquz_P1_charged
HULTEP,hultep_P1_charged
HUMWET,humwet_P1_charged
HURGOR,hurgor_P1_charged
HURKOX,hurkox_P1_charged
HUSFAF,husfaf_P1_charged
HUSFEJ,husfej_P1_charged
HUSFIN,husfin_P1_charged
HUSFOT,husfot_P1_charged
HUSGAG,husgag_P1_charged
HUSGEK,husgek_P1_charged
HUVHOX,huvhox_P1_charged_H
HUVLUF,huvluf_P1_charged
HUVLUF01,huvluf01_P1_charged
HUWLUJ,huwluj_P1_charged
HUWMAP,huwmap_P1_charged
HUWMAQ,huwmaq_P1_charged
HUWMEU,huwmeu_P1_charged
HUWRAV,huwrav_P1_charged_H
HUWRID,huwrid_P1_charged_H
HUWROJ,huwroj_P1_charged
HUWRUP,huwrup_P1_charged
HUWSIE,huwsie_P1_charged_H
HUWSOK,huwsok_P1_charged
HUWSUN,huwsun_P1_charged
HUZFEO,huzfeo_P1_charged
HUZFIS,huzfis_P1_charged
HUZFOY,huzfoy_P1_charged
IBITUK,ibituk_P1_charged_H
IBIYOI,ibiyoi_P1_charged_H
IBOTIC,ibotic_P1_charged
IBOWIH,ibowih_P1_charged_H
IBUBEP,ibubep_P1_charged
IBULIE,ibulie_P1_charged
IBULIE01,ibulie01_P1_charged
ICAXIX,icaxix_P1_charged
ICITEU,iciteu_P1_charged_H
ICORAV,icorav_P1_charged
ICUDIX,icudix_P1_charged_H
IDIMIU,idimiu_P1_charged
IDIMOA,idimoa_P1_charged
IDOLIZ,idoliz_P1_charged
IDUDOA,idudoa_P1_charged
IDUYOX,iduyox_P1_charged_H
IFAGEE,ifagee_P1_charged
IFAGII,ifagii_P1_charged
IFIPEV,ifipev_P1_charged
IFIYAA,ifiyaa_P1_charged
IGAGAA,igagaa_P1_charged
IGIZUW,igizuw_P1_charged_H
IGONUP,igonup_P1_charged
IGOPAX,igopax_P1_charged
IGOPEB,igopeb_P1_charged
IGUFOH,igufoh_P1_charged_H
IHAZOH,ihazoh_P1_charged_H
IJEJEP,ijejep_P1_charged_H
IJEVIE,ijevie_P1_charged_H
IJEXUR,ijexur_P1_charged_H
IJEXUS,ijexus_P1_charged_H
IJICIQ,ijiciq_P1_charged_H
IJIGEQ,ijigeq_P1_charged
IJISOK,ijisok_P1_charged
IKETIB,iketib_P1_charged_H
IKETOH,iketoh_P1_charged_H
IKEVIG,ikevig_P1_charged
IKEZED,ikezed_P1_charged_H
IKOPEF,ikopef_P1_charged
IKOQII,ikoqii_P1_charged_H
ILAXEA,ilaxea_P1_charged
ILOSOS,ilosos_P1_charged
ILOTEJ02,ilotej02_P1_charged
ILOTEJ03,ilotej03_P1_charged
ILOTEJ04,ilotej04_P1_charged
ILOTEJ05,ilotej05_P1_charged
ILOTEJ06,ilotej06_P1_charged
ILOTEJ07,ilotej07_P1_charged
ILOTIN01,ilotin01_P1_charged
ILOTIN02,ilotin02_P1_charged
ILOTIN03,ilotin03_P1_charged
ILOTIN04,ilotin04_P1_charged
ILOTIN05,ilotin05_P1_charged
ILOTIN06,ilotin06_P1_charged
ILOTIN07,ilotin07_P1_charged
IMACZN01,imaczn01_P1_charged
IMIXEI,imixei_P1_charged
IMIXIM,imixim_P1_charged
INEBOT,inebot_P1_charged_H
INEBOT01,inebot01_P1_charged_H
INOCUM,inocum_P1_charged_H
IPICUG,ipicug_P1_charged
IPIDAN,ipidan_P1_charged
IPOCEY,ipocey_P1_charged_H
IQEKAQ,iqekaq_P1_charged
IQIDUK,iqiduk_P1_charged
IQIJOK,iqijok_P1_charged
IQIJUQ,iqijuq_P1_charged
IQIKAX,iqikax_P1_charged
IQIKEB,iqikeb_P1_charged
IREGOD,iregod_P1_charged_H
IRISAD,irisad_P1_charged_H
IRISAD01,irisad01_P1_charged
IRUVUP,iruvup_P1_charged
ISACEN,isacen_P1_charged
ISASIF,isasif_P1_charged
ISAYOQ,isayoq_P1_charged_H
ISECUH,isecuh_P1_charged
ISOLIO,isolio_P1_charged
ITIWEO,itiweo_P1_charged
ITIWUE,itiwue_P1_charged
ITUVOJ,ituvoj_P1_charged
IVEKAY,ivekay_P1_charged
IVESOS,ivesos_P1_charged_H
IVETOT,ivetot_P1_charged
IVILEG,ivileg_P1_charged_H
IXEDOE,ixedoe_P1_charged
IXIXUL,ixixul_P1_charged
IYAHAR,iyahar_P1_charged_H
IYAJID,iyajid_P1_charged
IYAJOJ,iyajoj_P1_charged
IYAJUP,iyajup_P1_charged_H
IYOBIK,iyobik_P1_charged
IYOVEY,iyovey_P1_charged
IYOVIC,iyovic_P1_charged
IYUHOA,iyuhoa_P1_charged_H
IZAYUG,izayug_P1_charged
IZENOS,izenos_P1_charged_H
IZENUY,izenuy_P1_charged_H
IZETUF,izetuf_P1_charged_H
IZIDIG01,izidig01_P1_charged
IZIDOM,izidom_P1_charged
IZISEQ,iziseq_P1_charged
IZOWAW,izowaw_P1_charged_H
IZOWEA,izowea_P1_charged
JACHUU,jachuu_P1_charged
JADTUH,jadtuh_P1_charged_H
JADXUL,jadxul_P1_charged
JAFMUC,jafmuc_P1_charged
JAKQIZ,jakqiz_P1_charged
JAMDAG,jamdag_P1_charged
JAMDEK,jamdek_P1_charged
JAMLIT,jamlit_P1_charged_H
JANNAQ,jannaq_P1_charged
JANQAT,janqat_P1_charged
JARMEU,jarmeu_P1_charged_H
JARMEU10,jarmeu10_P1_charged_H
JAYXAL,jayxal_P1_charged_H
JAZFEZ,jazfez_P1_charged
JEBWEV,jebwev_P1_charged_H
JEDCEB,jedceb_P1_charged
JEDCIF,jedcif_P1_charged
JEGWUQ,jegwuq_P1_charged
JEHBAC,jehbac_P1_charged
JELPAS,jelpas_P1_charged
JEMPEZ,jempez_P1_charged
JEPZEN,jepzen_P1_charged
JETJOI,jetjoi_P1_charged
JEYXOB,jeyxob_P1_charged
JIDBAC,jidbac_P1_charged_H
JIDBEG,jidbeg_P1_charged_H
JIDPAQ,jidpaq_P1_charged_H
JIDRUM,jidrum_P1_charged_H
JIDYIH,jidyih_P1_charged
JIGQOI,jigqoi_P1_charged
JINKUP,jinkup_P1_charged_H
JIQCUK,jiqcuk_P1_charged
JIRGOJ,jirgoj_P1_charged
JIRHAW,jirhaw_P1_charged
JIRLOO,jirloo_P1_charged
JISQEK,jisqek_P1_charged_H
JITPOS,jitpos_P1_charged_H
JIVSAJ,jivsaj_P1_charged_H
JIVSEN,jivsen_P1_charged_H
JIXBUQ,jixbuq_P1_charged
JOCGIU,jocgiu_P1_charged
JOCLOD,joclod_P1_charged
JOCWIJ,jocwij_P1_charged
JOGHEV,joghev_P1_charged
JOGHIZ,joghiz_P1_charged
JOGHOF,joghof_P1_charged
JOGJEX,jogjex_P1_charged_H
JOGRUT,jogrut_P1_charged_H
JOGSAA,jogsaa_P1_charged_H
JONKEE,jonkee_P1_charged
JOQGON,joqgon_P1_charged
JOQGUT,joqgut_P1_charged
JOQQAJ,joqqaj_P1_charged
JOQSOZ,joqsoz_P1_charged
JOTDEE,jotdee_P1_charged_H
JOTDII,jotdii_P1_charged_H
JOVYAW,jovyaw_P1_charged
JOZTIE,joztie_P1_charged
JUGWAM,jugwam_P1_charged
JUGZAP,jugzap_P1_charged
JUPFOP,jupfop_P1_charged
JUTWAZ,jutwaz_P1_charged
JUTWED,jutwed_P1_charged_H
JUTZEG,jutzeg_P1_charged_H
JUVLUK,juvluk_P1_charged
JUVMAR,juvmar_P1_charged
JUXQAW,juxqaw_P1_charged_H
JUXSEC,juxsec_P1_charged
JUXSIG,juxsig_P1_charged
JUXZOT,juxzot_P1_charged
JUYMAU,juymau_P1_charged
KABGAZ,kabgaz_P1_charged
KABGED,kabged_P1_charged
KABGON,kabgon_P1_charged
KABJEG,kabjeg_P1_charged
KABPIQ,kabpiq_P1_charged
KACCEA,kaccea_P1_charged
KAFCON,kafcon_P1_charged
KAFCUT,kafcut_P1_charged
KAFDAA,kafdaa_P1_charged
KAFDEE,kafdee_P1_charged
KAKCAD,kakcad_P1_charged
KAKCEH01,kakceh01_P1_charged_H
KAKCEH02,kakceh02_P1_charged_H
KAMXUU,kamxuu_P1_charged
KAMYAB,kamyab_P1_charged
KAPHOZ,kaphoz_P1_charged
KASDOA,kasdoa_P1_charged
KATTOR,kattor_P1_charged
KAVLID,kavlid_P1_charged
KAWXEO,kawxeo_P1_charged_H
KAWXIS,kawxis_P1_charged_H
KAWXOY,kawxoy_P1_charged
KAWXUE,kawxue_P1_charged
KAZXEQ,kazxeq_P1_charged_H
KEBDIG,kebdig_P1_charged
KECROD,kecrod_P1_charged_H
KECRUJ,kecruj_P1_charged_H
KECSUK,kecsuk_P1_charged
KEDPEQ,kedpeq_P1_charged
KEFWEZ,kefwez_P1_charged
KEGBIK,kegbik_P1_charged_H
KEGWOM,kegwom_P1_charged
KEHDUA,kehdua_P1_charged_H
KEHFUA,kehfua_P1_charged
KEHGAH,kehgah_P1_charged
KEHGIP,kehgip_P1_charged
KELJER,keljer_P1_charged
KENSEE,kensee_P1_charged
KENSEE01,kensee01_P1_charged
KENSEE02,kensee02_P1_charged
KENSEE03,kensee03_P1_charged
KENSEE04,kensee04_P1_charged
KENSEE05,kensee05_P1_charged
KENTEF,kentef_P1_charged
KENTEF01,kentef01_P1_charged
KENTEF02,kentef02_P1_charged
KENTEF03,kentef03_P1_charged
KENTEF04,kentef04_P1_charged
KENTEF05,kentef05_P1_charged
KENVIL,kenvil_P1_charged
KENVIL01,kenvil01_P1_charged
KENVIL02,kenvil02_P1_charged
KENVOR,kenvor_P1_charged
KENVOR01,kenvor01_P1_charged
KENVOR02,kenvor02_P1_charged
KENXUZ,kenxuz_P1_charged
KENYAG,kenyag_P1_charged
KENYEK,kenyek_P1_charged
KENYIO,kenyio_P1_charged
KEPFIX,kepfix_P1_charged
KEPFIX01,kepfix01_P1_charged
KEPFIX02,kepfix02_P1_charged
KEPFIX03,kepfix03_P1_charged
KEPFIX04,kepfix04_P1_charged
KEPFIX05,kepfix05_P1_charged
KEPMUQ,kepmuq_P1_charged
KEPMUQ01,kepmuq01_P1_charged
KEPMUQ02,kepmuq02_P1_charged
KEPMUQ03,kepmuq03_P1_charged
KEPMUQ04,kepmuq04_P1_charged
KEPMUQ05,kepmuq05_P1_charged
KEPMUQ06,kepmuq06_P1_charged
KEPMUQ07,kepmuq07_P1_charged
KEPMUQ08,kepmuq08_P1_charged
KEPNAX,kepnax_P1_charged
KEPNAX01,kepnax01_P1_charged
KEPNAX02,kepnax02_P1_charged
KEPNAX03,kepnax03_P1_charged
KEPNAX04,kepnax04_P1_charged
KEPNAX05,kepnax05_P1_charged
KEPNAX06,kepnax06_P1_charged
KEPNAX07,kepnax07_P1_charged
KEPNAX08,kepnax08_P1_charged
KEPPIF,keppif_P1_charged_H
KEVWUF,kevwuf_P1_charged_H
KEYMUY,keymuy_P1_charged_H
KIBXUP,kibxup_P1_charged
KIBYAW,kibyaw_P1_charged
KIBYEA,kibyea_P1_charged
KIJPEB,kijpeb_P1_charged
KIJPUQ,kijpuq_P1_charged
KIKRAA,kikraa_P1_charged
KIKTIK,kiktik_P1_charged
KILPAZ,kilpaz_P1_charged
KINNAY,kinnay_P1_charged
KINNEC,kinnec_P1_charged
KINNUS,kinnus_P1_charged
KINRIK,kinrik_P1_charged_H
KINROQ,kinroq_P1_charged_H
KIZCII,kizcii_P1_charged_H
KIZCOO,kizcoo_P1_charged
KOBMAS,kobmas_P1_charged
KOBXIL,kobxil_P1_charged_H
KOGJOG,kogjog_P1_charged
KOJYUG,kojyug_P1_charged
KOJZAN,kojzan_P1_charged
KOLYUH,kolyuh_P1_charged
KOMCOG,komcog_P1_charged
KOMDAT,komdat_P1_charged
KOPLIN,koplin_P1_charged
KORLAE,korlae_P1_charged
KOVHAH,kovhah_P1_charged_H
KOXSIC,koxsic_P1_charged_H
KOZDEK,kozdek_P1_charged_H
KUBQAA,kubqaa_P1_charged
KUCFUM,kucfum_P1_charged
KUGZIW,kugziw_P1_charged_H
KUKPOX,kukpox_P1_charged
KUNMUD,kunmud_P1_charged
KUNSAP,kunsap_P1_charged
KUNSET,kunset_P1_charged_H
KUPJIR,kupjir_P1_charged
KUSTEA,kustea_P1_charged
KUTDAG,kutdag_P1_charged_H
KUTRUO,kutruo_P1_charged_H
KUVMEV,kuvmev_P1_charged
KUVMIZ,kuvmiz_P1_charged_H
KUVYAD,kuvyad_P1_charged_H
KUWNEY,kuwney_P1_charged
KUYJAS,kuyjas_P1_charged_H
KUYLOH,kuyloh_P1_charged
LABPOV,labpov_P1_charged
LABPUB,labpub_P1_charged
LABQAI,labqai_P1_charged
LABRUE,labrue_P1_charged_H
LACQIS,lacqis_P1_charged
LACYIA,lacyia_P1_charged_H
LACYUN,lacyun_P1_charged
LAFFEG,laffeg_P1_charged
LAFFEG02,laffeg02_P1_charged
LAFJUY,lafjuy_P1_charged
LAGCAZ,lagcaz_P1_charged
LAGCED,lagced_P1_charged
LAGCIH,lagcih_P1_charged
LAGCON,lagcon_P1_charged
LAGCUT,lagcut_P1_charged
LAGDEE,lagdee_P1_charged
LAGTIY,lagtiy_P1_charged_H
LAJBUX,lajbux_P1_charged
LAJKUE,lajkue_P1_charged_H
LAJLAL,lajlal_P1_charged_H
LAJLEP,lajlep_P1_charged_H
LAJLIT,lajlit_P1_charged_H
LALFEL,lalfel_P1_charged_H
LAPLOG01,laplog01_P1_charged
LARPOL,larpol_P1_charged_H
LASGIZ,lasgiz_P1_charged_H
LASGOF,lasgof_P1_charged_H
LASRIJ,lasrij_P1_charged
LATYOV,latyov_P1_charged
LAVYEP,lavyep_P1_charged
LAVYIT,lavyit_P1_charged
LAVZUG,lavzug_P1_charged_H
LECFUW,lecfuw_P1_charged
LECGIL,lecgil_P1_charged_H
LEDWUQ,ledwuq_P1_charged
LEHFOW,lehfow_P1_charged
LEMYUA,lemyua_P1_charged
LEPKEZ,lepkez_P1_charged_H
LEPKID,lepkid_P1_charged_H
LEPKOJ,lepkoj_P1_charged_H
LEPTIM,leptim_P1_charged
LEPTIM01,leptim01_P1_charged
LEPTUY,leptuy_P1_charged
LEQQAA,leqqaa_P1_charged
LETDEU,letdeu_P1_charged
LETFEW,letfew_P1_charged
LETFIA,letfia_P1_charged_H
LEYFUS,leyfus_P1_charged_H
LEZWUK,lezwuk_P1_charged_H
LEZXAR,lezxar_P1_charged_H
LIBQIY,libqiy_P1_charged_H
LICKAL,lickal_P1_charged
LIFSEA,lifsea_P1_charged
LIKVIN,likvin_P1_charged
LIKXEL,likxel_P1_charged
LIKYAI,likyai_P1_charged_H
LIPQIL,lipqil_P1_charged_H
LIQFEY,liqfey_P1_charged
LIRVAK,lirvak_P1_charged_H
LITKIL,litkil_P1_charged_H
LOFGOE,lofgoe_P1_charged
LOGLAX,loglax_P1_charged_H
LOLVEQ05,lolveq05_P1_charged
LOLVEQ06,lolveq06_P1_charged
LOLVEQ07,lolveq07_P1_charged
LOMGIG06,lomgig06_P1_charged
LOMGIG07,lomgig07_P1_charged
LOMHON04,lomhon04_P1_charged
LOMHON05,lomhon05_P1_charged
LONJOP,lonjop_P1_charged
LORZOK,lorzok_P1_charged
LOVVAV,lovvav_P1_charged
LOVVEZ,lovvez_P1_charged
LOVZAA,lovzaa_P1_charged_H
LOWCEH,lowceh_P1_charged
LOWKUF,lowkuf_P1_charged
LOXXOL01,loxxol01_P1_charged
LUBKAW,lubkaw_P1_charged
LUJPUC,lujpuc_P1_charged
LUJRUG,lujrug_P1_charged
LULLOV,lullov_P1_charged
LUMYEZ,lumyez_P1_charged_H
LUMYID,lumyid_P1_charged_H
LUPVOJ,lupvoj_P1_charged
LURDIO,lurdio_P1_charged
LURDOU,lurdou_P1_charged
LUVWUU,luvwuu_P1_charged
LUWKEV,luwkev_P1_charged
LUWKIZ,luwkiz_P1_charged
LUXDEO,luxdeo_P1_charged
LUXDUE,luxdue_P1_charged_H
LUXFEQ,luxfeq_P1_charged_H
LUXMAT,luxmat_P1_charged
MABFON,mabfon_P1_charged
MABFUT,mabfut_P1_charged
MABGEE,mabgee_P1_charged
MACKAE,mackae_P1_charged
MACUFR02,macufr02_P1_charged
MAFZUQ,mafzuq_P1_charged
MAGBON,magbon_P1_charged_H
MAJCEJ,majcej_P1_charged_H
MAJCIN,majcin_P1_charged_H
MAJCOT,majcot_P1_charged_H
MAJCUZ,majcuz_P1_charged_H
MAJMAP,majmap_P1_charged
MAJQAT,majqat_P1_charged
MAKGAJ,makgaj_P1_charged_H
MALYIJ,malyij_P1_charged
MALYOP,malyop_P1_charged_H
MAPCUE,mapcue_P1_charged
MAPLEX,maplex_P1_charged_H
MARDAM,mardam_P1_charged_H
MATTIO,mattio_P1_charged
MATWUC,matwuc_P1_charged_H
MATXAJ,matxaj_P1_charged_H
MAVFEV,mavfev_P1_charged
MAVFEV03,mavfev03_P1_charged
MAVFEV04,mavfev04_P1_charged
MAWFEY,mawfey_P1_charged
MAWMEG,mawmeg_P1_charged_H
MAXFIA,maxfia_P1_charged
MAZHIF,mazhif_P1_charged_H
MEBYIF,mebyif_P1_charged
MEFHUC,mefhuc_P1_charged_H
MEFKIU,mefkiu_P1_charged
MEFKIU01,mefkiu01_P1_charged
MIFGEQ,mifgeq_P1_charged_H
MIFNUM,mifnum_P1_charged
MIFPUO,mifpuo_P1_charged
MIFQIE,mifqie_P1_charged
MIFQOJ,mifqoj_P1_charged
MIFROK,mifrok_P1_charged
MIFSAX,mifsax_P1_charged
MIFTEC,miftec_P1_charged
MIFTIG,miftig_P1_charged
MIFTUT,miftut_P1_charged
MIFVAB,mifvab_P1_charged
MIFVEE,mifvee_P1_charged
MIHMIC,mihmic_P1_charged_H
MIKJEW,mikjew_P1_charged
MIRKIK,mirkik_P1_charged
MITSAK,mitsak_P1_charged_H
MITSEO,mitseo_P1_charged_H
MITSIS,mitsis_P1_charged_H
MITZOH,mitzoh_P1_charged
MITZUN,mitzun_P1_charged
MIVWAR,mivwar_P1_charged_H
MIXZOK,mixzok_P1_charged_H
MOBXIN,mobxin_P1_charged
MOFJAV,mofjav_P1_charged
MOTVOI,motvoi_P1_charged
MOVGUB,movgub_P1_charged
MOVHEM,movhem_P1_charged
MOVKOZ,movkoz_P1_charged
MOXDIN,moxdin_P1_charged_H
MOXDIN01,moxdin01_P1_charged
MOXDOT,moxdot_P1_charged
MOXDOT01,moxdot01_P1_charged
MOXPEV,moxpev_P1_charged
MOXPIZ,moxpiz_P1_charged_H
MOXPOF,moxpof_P1_charged
MOYLAQ,moylaq_P1_charged
MOYTUR,moytur_P1_charged_H
MUBBAP,mubbap_P1_charged
MUBQIJ,mubqij_P1_charged
MUKRIU,mukriu_P1_charged
MUKRIW,mukriw_P1_charged
MUKRIW01,mukriw01_P1_charged
MUKRIW02,mukriw02_P1_charged
MUQYEE,muqyee_P1_charged
MURBEI,murbei_P1_charged
MUSVAA,musvaa_P1_charged
MUSVEE,musvee_P1_charged_H
MUVLUM,muvlum_P1_charged
MUVROM,muvrom_P1_charged_H
MUVVIL,muvvil_P1_charged
MUWQEB,muwqeb_P1_charged_H
MUYVIO,muyvio_P1_charged
MUZHUL,muzhul_P1_charged_H
MUZKEZ,muzkez_P1_charged
MUZMUS,muzmus_P1_charged
MUZRIJ,muzrij_P1_charged
NABCEA,nabcea_P1_charged_H
NACRES,nacres_P1_charged
NACSUJ,nacsuj_P1_charged
NACVUI,nacvui_P1_charged
NADNEM,nadnem_P1_charged
NAFPIX,nafpix_P1_charged
NAFPOD,nafpod_P1_charged
NAFPUJ,nafpuj_P1_charged
NAFPUJ02,nafpuj02_P1_charged
NAFQIY,nafqiy_P1_charged
NAFRAR,nafrar_P1_charged
NAFRAR01,nafrar01_P1_charged
NAFRAR03,nafrar03_P1_charged
NAGKEO,nagkeo_P1_charged
NAHDIM,nahdim_P1_charged_H
NAHFOU,nahfou_P1_charged
NAJMIV,najmiv_P1_charged_H
NAJZII,najzii_P1_charged_H
NANYUX,nanyux_P1_charged
NANYUX01,nanyux01_P1_charged
NARQIK,narqik_P1_charged
NATFAS,natfas_P1_charged_H
NATHUO,nathuo_P1_charged
NAVBIX,navbix_P1_charged_H
NAVPAE,navpae_P1_charged_H
NAVPEI,navpei_P1_charged_H
NAYBEY,naybey_P1_charged
NAYKAB,naykab_P1_charged_H
NEDVOJ,nedvoj_P1_charged_H
NEHGEP,nehgep_P1_charged
NEHGOZ,nehgoz_P1_charged
NEHGUF,nehguf_P1_charged
NEHHAM,nehham_P1_charged
NEHHUG,nehhug_P1_charged
NEHJAO,nehjao_P1_charged
NEHJES,nehjes_P1_charged
NEHLOC,nehloc_P1_charged
NEHPIC,nehpic_P1_charged
NEKREB,nekreb_P1_charged
NELTUU,neltuu_P1_charged
NELVEG,nelveg_P1_charged
NENLIE,nenlie_P1_charged
NERSUA,nersua_P1_charged_H
NESVAK,nesvak_P1_charged_H
NETTOY,nettoy_P1_charged_H
NETTUE,nettue_P1_charged_H
NETVAM,netvam_P1_charged_H
NETVEQ,netveq_P1_charged_H
NEVJOP,nevjop_P1_charged_H
NEVPUA,nevpua_P1_charged
NEVQAH,nevqah_P1_charged
NEYROY,neyroy_P1_charged
NICZAA01,niczaa01_P1_charged
NIFZUZ,nifzuz_P1_charged
NIJKEZ,nijkez_P1_charged_H
NIMTAE,nimtae_P1_charged
NINVAI,ninvai_P1_charged_H
NIQDEZ,niqdez_P1_charged
NIQGUS,niqgus_P1_charged
NIRCEZ,nircez_P1_charged
NIRCID,nircid_P1_charged
NIRCUP,nircup_P1_charged
NISPEL,nispel_P1_charged_H
NIWZIE11,niwzie11_P1_charged
NIWZIE12,niwzie12_P1_charged
NIWZIE13,niwzie13_P1_charged
NIWZIE14,niwzie14_P1_charged
NIWZIE15,niwzie15_P1_charged
NIWZIE16,niwzie16_P1_charged
NIWZIE17,niwzie17_P1_charged
NIXPUG,nixpug_P1_charged
NOMSUG,nomsug_P1_charged_H
NOQLOV,noqlov_P1_charged
NOQLOV01,noqlov01_P1_charged_H
NOWXOP,nowxop_P1_charged
NOWYAC,nowyac_P1_charged
NOYWEG,noyweg_P1_charged
NUCPEI,nucpei_P1_charged
NUDNUW04,nudnuw04_P1_charged
NUDNUW05,nudnuw05_P1_charged
NUDNUW13,nudnuw13_P1_charged
NUDNUW14,nudnuw14_P1_charged
NUDNUW15,nudnuw15_P1_charged
NUDPAE,nudpae_P1_charged
NUDPAE01,nudpae01_P1_charged
NUDPAE02,nudpae02_P1_charged
NUDPAE03,nudpae03_P1_charged
NUDPAE04,nudpae04_P1_charged
NUDPAE05,nudpae05_P1_charged
NUDPAE06,nudpae06_P1_charged
NUDPAE07,nudpae07_P1_charged
NUDPAE08,nudpae08_P1_charged
NUDPAE09,nudpae09_P1_charged
NUDPAE10,nudpae10_P1_charged
NUDPAE11,nudpae11_P1_charged
NUDPAE15,nudpae15_P1_charged
NUDPAE16,nudpae16_P1_charged
NUFBEX,nufbex_P1_charged_H
NUFBOH,nufboh_P1_charged
NUFCAU,nufcau_P1_charged_H
NUHPAI,nuhpai_P1_charged
NULRUH,nulruh_P1_charged
NUVYOT,nuvyot_P1_charged
NUWWIO,nuwwio_P1_charged
OBEDAA,obedaa_P1_charged
OBIBEJ,obibej_P1_charged_H
OBIYAC,obiyac_P1_charged
OBOKOJ,obokoj_P1_charged
OBONUO,obonuo_P1_charged
OBOYIR,oboyir_P1_charged
OBUDIC,obudic_P1_charged
OBUDOI,obudoi_P1_charged_H
OBUFIB,obufib_P1_charged
OCIHIS,ocihis_P1_charged_H
OCIYUW,ociyuw_P1_charged_H
OCUCOI,ocucoi_P1_charged
OCUCOI01,ocucoi01_P1_charged
OCUDAV,ocudav_P1_charged
OCUDAV01,ocudav01_P1_charged
OCUDID,ocudid_P1_charged
OCUDID01,ocudid01_P1_charged
OCURIO,ocurio_P1_charged_H
ODAGEI,odagei_P1_charged
ODAHIK,odahik_P1_charged
ODIVUU,odivuu_P1_charged
ODODOC,ododoc_P1_charged
OFOCAQ,ofocaq_P1_charged
OFOCAQ01,ofocaq01_P1_charged
OFONAB,ofonab_P1_charged
OFONEF,ofonef_P1_charged
OFONIJ,ofonij_P1_charged
OFUSAL,ofusal_P1_charged
OFUTUH,ofutuh_P1_charged
OGESOJ,ogesoj_P1_charged_H
OGIYUZ,ogiyuz_P1_charged_H
OGUJOR,ogujor_P1_charged
OGURAK,ogurak_P1_charged_H
OGUTOC,ogutoc_P1_charged
OGUZIA,oguzia_P1_charged_H
OHATEY,ohatey_P1_charged
OHETIE,ohetie_P1_charged
OHIQEE,ohiqee_P1_charged
OJEPAW,ojepaw_P1_charged
OJEVIK,ojevik_P1_charged
OJICEQ,ojiceq_P1_charged
OJICUG,ojicug_P1_charged
OJIPAB,ojipab_P1_charged
OKEHOE,okehoe_P1_charged
OKELOH,okeloh_P1_charged
OKIJUO,okijuo_P1_charged
OKIKAV,okikav_P1_charged
OKIKEZ,okikez_P1_charged
OKITIM,okitim_P1_charged
OKITIM01,okitim01_P1_charged
OKITIM02,okitim02_P1_charged
OKIVAG,okivag_P1_charged
OKIVAG01,okivag01_P1_charged
OKIVIO,okivio_P1_charged
OKIVIO01,okivio01_P1_charged
OKIVIO02,okivio02_P1_charged
OKIWEL,okiwel_P1_charged
OKIWEL01,okiwel01_P1_charged
OKIWEL02,okiwel02_P1_charged
OKIXIQ,okixiq_P1_charged
OKIXIQ01,okixiq01_P1_charged
OKIYAJ,okiyaj_P1_charged
OKIYAJ01,okiyaj01_P1_charged
OKIYIR,okiyir_P1_charged
OKIYIR02,okiyir02_P1_charged
OKIYIR03,okiyir03_P1_charged
OKUJUB,okujub_P1_charged_H
OKUKAI,okukai_P1_charged
OKUKOW,okukow_P1_charged
OLEZUD,olezud_P1_charged_H
OLICET,olicet_P1_charged
OMAQEB,omaqeb_P1_charged
OMAQEB01,omaqeb01_P1_charged
OMAQOL,omaqol_P1_charged
OMAQOL01,omaqol01_P1_charged
OMARAY,omaray_P1_charged
OMAREC,omarec_P1_charged
OMEJIB,omejib_P1_charged
OMICOD,omicod_P1_charged
OMIPEH,omipeh_P1_charged_H
OMITUB,omitub_P1_charged_H
OMOFED,omofed_P1_charged_H
OMOPUE,omopue_P1_charged
OMORUE,omorue_P1_charged
OMOVIX,omovix_P1_charged
OMOVUJ,omovuj_P1_charged_H
OMUKUE,omukue_P1_charged
ONEJAV,onejav_P1_charged
ONIROV,onirov_P1_charged_H
ONIRUB,onirub_P1_charged_H
ONISAI,onisai_P1_charged_H
ONIVOZ,onivoz_P1_charged_H
ONIVUF,onivuf_P1_charged_H
ONOCAY,onocay_P1_charged
ONOCIG,onocig_P1_charged
ONUQOE,onuqoe_P1_charged
OPEGUM,opegum_P1_charged
OPULUJ,opuluj_P1_charged
OPUMAQ,opumaq_P1_charged
OPUMEU,opumeu_P1_charged_H
OPUMIY,opumiy_P1_charged
OPUMUK,opumuk_P1_charged
OPUNAR,opunar_P1_charged
OPUSOK,opusok_P1_charged
OPUSUQ,opusuq_P1_charged
OPUTUR,oputur_P1_charged
OPUVAZ,opuvaz_P1_charged
OQIQUB01,oqiqub01_P1_charged_H
OQOCEF,oqocef_P1_charged
OQOCUV,oqocuv_P1_charged
OQORIY,oqoriy_P1_charged
OQUCOU,oqucou_P1_charged_H
OQUCUA,oqucua_P1_charged_H
OQUZIL,oquzil_P1_charged_H
ORAGOF,oragof_P1_charged_H
OREZES,orezes_P1_charged
ORUKET,oruket_P1_charged
OSADUK,osaduk_P1_charged
OSILOS,osilos_P1_charged
OSIVIX,osivix_P1_charged
OSOMEP,osomep_P1_charged
OSUGUG,osugug_P1_charged
OTALUS,otalus_P1_charged
OTENEH,oteneh_P1_charged
OTIJAE,otijae_P1_charged
OTODOS,otodos_P1_charged
OTOFOV,otofov_P1_charged
OVUQUU,ovuquu_P1_charged_H
OWAKOP,owakop_P1_charged
OWITAQ,owitaq_P1_charged
OWITEU,owiteu_P1_charged
OWITIY,owitiy_P1_charged
OWITOE,owitoe_P1_charged
OWITUK,owituk_P1_charged
OWIVAS,owivas_P1_charged
OWIVEW,owivew_P1_charged
OWUGAP,owugap_P1_charged
OXALEF,oxalef_P1_charged_H
OXALIJ,oxalij_P1_charged_H
OXAVUH,oxavuh_P1_charged
OXECEC,oxecec_P1_charged
OXEVOE,oxevoe_P1_charged
OXUNEB,oxuneb_P1_charged_H
OYAHAA,oyahaa_P1_charged_H
OYERER,oyerer_P1_charged_H
OYERIV,oyeriv_P1_charged_H
OYOWUX,oyowux_P1_charged_H
OZEMIQ,ozemiq_P1_charged_H
OZEMOW,ozemow_P1_charged_H
OZIKAM,ozikam_P1_charged
OZIMUI,ozimui_P1_charged
OZINAP,ozinap_P1_charged
OZOGAN,ozogan_P1_charged
PACGIM,pacgim_P1_charged_H
PADBAZ,padbaz_P1_charged_H
PADKIP26,padkip26_P1_charged
PADKIP27,padkip27_P1_charged
PADKIP28,padkip28_P1_charged
PADKIP29,padkip29_P1_charged
PADKIP30,padkip30_P1_charged
PADKIP31,padkip31_P1_charged
PADKIP32,padkip32_P1_charged
PADZED,padzed_P1_charged
PADZIH,padzih_P1_charged
PAHPOG,pahpog_P1_charged
PAPKAV,papkav_P1_charged
PAPNUR,papnur_P1_charged_H
PAQFIY,paqfiy_P1_charged
PAQTIM01,paqtim01_P1_charged
PAQTOS01,paqtos01_P1_charged
PAQVIO,paqvio_P1_charged
PAQVOU,paqvou_P1_charged
PASNAB,pasnab_P1_charged
PAVKIH,pavkih_P1_charged
PAVLII,pavlii_P1_charged_H
PAVLUU,pavluu_P1_charged
PAVNEI,pavnei_P1_charged
PAVXOD,pavxod_P1_charged
PAVXUJ,pavxuj_P1_charged
PAVYAQ,pavyaq_P1_charged
PAWXIX,pawxix_P1_charged
PEDKUF,pedkuf_P1_charged
PEDLAM,pedlam_P1_charged
PEFHEO,pefheo_P1_charged
PEHNOI,pehnoi_P1_charged
PEHQID,pehqid_P1_charged_H
PEHSED01,pehsed01_P1_charged
PEJFUG,pejfug_P1_charged_H
PEJMUN,pejmun_P1_charged
PEJNOJ,pejnoj_P1_charged
PEJNUP,pejnup_P1_charged_H
PEJPOL,pejpol_P1_charged
PEMGAR,pemgar_P1_charged
PEMGIZ,pemgiz_P1_charged
PENBAO,penbao_P1_charged
PEQKIJ,peqkij_P1_charged
PEQKOP,peqkop_P1_charged
PESSAK,pessak_P1_charged
PESSAK01,pessak01_P1_charged
PESTAL,pestal_P1_charged
PEWXUL01,pewxul01_P1_charged
PEYSIW,peysiw_P1_charged
PEYVOG,peyvog_P1_charged
PEZNUG01,peznug01_P1_charged
PEZPAO01,pezpao01_P1_charged
PIBXOP,pibxop_P1_charged_H
PIBXUV,pibxuv_P1_charged_H
PIGHIX,pighix_P1_charged
PIGXAF,pigxaf_P1_charged_H
PIJJEZ,pijjez_P1_charged
PIKCUK,pikcuk_P1_charged_H
PIPKOR,pipkor_P1_charged_H
PIPKUX,pipkux_P1_charged
PIQMUZ,piqmuz_P1_charged_H
PIRQOZ,pirqoz_P1_charged_H
PIZHUC,pizhuc_P1_charged_H
PIZJAJ,pizjaj_P1_charged_H
PIZJEN,pizjen_P1_charged_H
POBNEA,pobnea_P1_charged_H
POGCOF,pogcof_P1_charged
POGDAS,pogdas_P1_charged_H
POJNEI,pojnei_P1_charged_H
POJNIM,pojnim_P1_charged
POMMAH,pommah_P1_charged_H
PONRUI,ponrui_P1_charged
POPPAO,poppao_P1_charged_H
POQDIJ,poqdij_P1_charged
POQXAV,poqxav_P1_charged_H
PORVID,porvid_P1_charged
POWTAZ,powtaz_P1_charged
POXBAH,poxbah_P1_charged
POZHUI,pozhui_P1_charged_H
PUFQOY,pufqoy_P1_charged
PUFQUE,pufque_P1_charged
PUFRIR,pufrir_P1_charged_H
PUFRIT,pufrit_P1_charged
PUGSIV,pugsiv_P1_charged
PUGSUH,pugsuh_P1_charged
PUMDIM,pumdim_P1_charged_H
PUNSIB,punsib_P1_charged
PUNSUN,punsun_P1_charged
PUSXIL,pusxil_P1_charged_H
PUSXIL01,pusxil01_P1_charged
PUTYAE,putyae_P1_charged
PUTYEI,putyei_P1_charged_H
PUWDEQ,puwdeq_P1_charged
QACGIO,qacgio_P1_charged
QACJAJ,qacjaj_P1_charged
QACWEA,qacwea_P1_charged_H
QADWEA,qadwea_P1_charged
QADWIE,qadwie_P1_charged
QADWOK,qadwok_P1_charged
QADWUQ,qadwuq_P1_charged
QADXAX,qadxax_P1_charged
QAFSAV,qafsav_P1_charged
QAFSEZ,qafsez_P1_charged
QAGHEP,qaghep_P1_charged
QAGTOH,qagtoh_P1_charged
QAHPEX07,qahpex07_P1_charged
QALHIX,qalhix_P1_charged_H
QALWUZ,qalwuz_P1_charged_H
QALXAG,qalxag_P1_charged_H
QALXEK,qalxek_P1_charged_H
QALXOU,qalxou_P1_charged_H
QALXUA,qalxua_P1_charged
QALXUA01,qalxua01_P1_charged
QAPQAA,qapqaa_P1_charged
QAPQEE,qapqee_P1_charged
QAPWAG,qapwag_P1_charged
QARPUY,qarpuy_P1_charged
QATVUE,qatvue_P1_charged
QATXIU,qatxiu_P1_charged
QAYTEP,qaytep_P1_charged
QAZFEG,qazfeg_P1_charged
QECHOY,qechoy_P1_charged
QECNIZ,qecniz_P1_charged
QEFLIA,qeflia_P1_charged_H
QEGGUE,qeggue_P1_charged
QEKCUH,qekcuh_P1_charged
QIBTAW,qibtaw_P1_charged_H
QIBTEA,qibtea_P1_charged
QICQEB,qicqeb_P1_charged
QIHLEB,qihleb_P1_charged
QIHLIF,qihlif_P1_charged
QIMFAW,qimfaw_P1_charged
QIMFEA,qimfea_P1_charged_H
QITSAQ,qitsaq_P1_charged_H
QIVGAG,qivgag_P1_charged
QIWBOQ,qiwboq_P1_charged
QIXSOG,qixsog_P1_charged_H
QIXSOG01,qixsog01_P1_charged_H
QIZLIW,qizliw_P1_charged_H
QIZLOC,qizloc_P1_charged
QOBGEV,qobgev_P1_charged_H
QOBXUD,qobxud_P1_charged
QOKBEZ,qokbez_P1_charged
QOMGEG,qomgeg_P1_charged
QOMGIK,qomgik_P1_charged
QOMGOQ,qomgoq_P1_charged
QOPCII,qopcii_P1_charged_H
QOSLES,qosles_P1_charged_H
QOTBOT,qotbot_P1_charged
QOTKOC,qotkoc_P1_charged_H
QOTKOC01,qotkoc01_P1_charged_H
QOTKOC02,qotkoc02_P1_charged_H
QOTKOC03,qotkoc03_P1_charged_H
QOTKOC04,qotkoc04_P1_charged_H
QOTLOD,qotlod_P1_charged_H
QOTLOD01,qotlod01_P1_charged_H
QOTLOD02,qotlod02_P1_charged_H
QOTLOD03,qotlod03_P1_charged_H
QOTLOD04,qotlod04_P1_charged_H
QOTLOD05,qotlod05_P1_charged_H
QOZFUG,qozfug_P1_charged_H
QUBZAP,qubzap_P1_charged_H
QUFKIN,qufkin_P1_charged
QUGZEZ,qugzez_P1_charged
QUJKUD,qujkud_P1_charged
QUJLAK02,qujlak02_P1_charged
QULWAY,qulway_P1_charged
QULWEC,qulwec_P1_charged
QULWIG,qulwig_P1_charged
QUMBEI,qumbei_P1_charged
QUQPIC,quqpic_P1_charged
QUQPOI,quqpoi_P1_charged_H
QUQPUO,quqpuo_P1_charged
QUQWOQ,quqwoq_P1_charged_H
QUQWUW,quqwuw_P1_charged
QUSFEP,qusfep_P1_charged_H
QUSJAS,qusjas_P1_charged
QUSJIA,qusjia_P1_charged
QUSSOO,qussoo_P1_charged_H
RAFVAZ,rafvaz_P1_charged
RAGMOE,ragmoe_P1_charged
RAJQEC,rajqec_P1_charged_H
RALDIV,raldiv_P1_charged
RAMJOH,ramjoh_P1_charged_H
RAMQOP,ramqop_P1_charged
RANHOH,ranhoh_P1_charged_H
RANTOS,rantos_P1_charged
RAPFOG,rapfog_P1_charged
RAPFUM,rapfum_P1_charged
RAVKUY,ravkuy_P1_charged
RAXCAW,raxcaw_P1_charged_H
RAXCEA,raxcea_P1_charged
RAXQEO,raxqeo_P1_charged
REBSID,rebsid_P1_charged_H
REBSOJ,rebsoj_P1_charged_H
REBSUP,rebsup_P1_charged_H
REBYIJ,rebyij_P1_charged_H
REDGIU,redgiu_P1_charged
REDGOA,redgoa_P1_charged
REDGUG,redgug_P1_charged
REFLIB,reflib_P1_charged
REGYOT,regyot_P1_charged
REHJEV,rehjev_P1_charged
REHJIZ,rehjiz_P1_charged
REJJAV,rejjav_P1_charged
REJJAV01,rejjav01_P1_charged
REJPED,rejped_P1_charged
RENHAW,renhaw_P1_charged
RERVIW,rerviw_P1_charged_H
RERVOC,rervoc_P1_charged_H
RESMEJ,resmej_P1_charged_H
RETDOM,retdom_P1_charged_H
REWSUJ,rewsuj_P1_charged_H
REZBEG,rezbeg_P1_charged
REZBEG01,rezbeg01_P1_charged
REZXEA,rezxea_P1_charged_H
REZXIE,rezxie_P1_charged_H
REZXIE01,rezxie01_P1_charged_H
RIDCEN,ridcen_P1_charged_H
RIFLUP,riflup_P1_charged
RIFMOK,rifmok_P1_charged
RIFYAI,rifyai_P1_charged_H
RIFZEO,rifzeo_P1_charged_H
RIGPEE,rigpee_P1_charged
RIGPEE01,rigpee01_P1_charged
RIGTIL,rigtil_P1_charged
RILJOO,riljoo_P1_charged_H
RINPEJ,rinpej_P1_charged_H
RINTOA,rintoa_P1_charged
RIPRIT,riprit_P1_charged
RIPROZ,riproz_P1_charged
RIPRUF,ripruf_P1_charged
RIPSAM,ripsam_P1_charged
RIVDEF,rivdef_P1_charged
RIWNAO,riwnao_P1_charged_H
RIXXAA,rixxaa_P1_charged
RIXXEE,rixxee_P1_charged
ROBWAH,robwah_P1_charged
ROFYOD,rofyod_P1_charged_H
ROKRER,rokrer_P1_charged
ROKROB,rokrob_P1_charged
ROKRUH,rokruh_P1_charged
ROKSAO,roksao_P1_charged
ROLKEL,rolkel_P1_charged
ROLKIP,rolkip_P1_charged_H
ROLRES,rolres_P1_charged
ROLZEZ,rolzez_P1_charged_H
RONSUK01,ronsuk01_P1_charged
RONYUR,ronyur_P1_charged
RONZAY,ronzay_P1_charged
ROPLEQ,ropleq_P1_charged
RORTAV,rortav_P1_charged
ROSZIL,roszil_P1_charged_H
ROSZOR,roszor_P1_charged_H
RUFTET,ruftet_P1_charged
RUGKEL,rugkel_P1_charged
RUGXIC,rugxic_P1_charged_H
RUGXUO,rugxuo_P1_charged_H
RUMRUO,rumruo_P1_charged
RUPVAB,rupvab_P1_charged_H
RUTBIU,rutbiu_P1_charged
RUYKAZ,ruykaz_P1_charged
SADLIT,sadlit_P1_charged
SAGZUW,sagzuw_P1_charged
SAHNIZ,sahniz_P1_charged_H
SAHYAD01,sahyad01_P1_charged
SAHYAD02,sahyad02_P1_charged
SAHYAD03,sahyad03_P1_charged
SALLAT,sallat_P1_charged
SALRON,salron_P1_charged
SALZAH,salzah_P1_charged
SANLOK,sanlok_P1_charged
SANLUQ,sanluq_P1_charged
SANMEB,sanmeb_P1_charged
SANWUD,sanwud_P1_charged
SAPBAP,sapbap_P1_charged
SAPBIW,sapbiw_P1_charged
SAPFOI01,sapfoi01_P1_charged
SAPRAF,sapraf_P1_charged
SAPZES,sapzes_P1_charged
SATBIA,satbia_P1_charged
SATNOR02,satnor02_P1_charged
SAYQAO,sayqao_P1_charged
SEFSEC,sefsec_P1_charged
SEHJAU,sehjau_P1_charged
SEJTIN,sejtin_P1_charged
SEMFEX,semfex_P1_charged
SEMFIB,semfib_P1_charged
SEMFOH,semfoh_P1_charged
SETDOM,setdom_P1_charged
SETXIA,setxia_P1_charged_H
SEYNAM,seynam_P1_charged
SEYQIW,seyqiw_P1_charged_H
SICNEA,sicnea_P1_charged
SIDCAL,sidcal_P1_charged
SIDXUB,sidxub_P1_charged
SIDZUD,sidzud_P1_charged
SIJCUM,sijcum_P1_charged
SIJDUM,sijdum_P1_charged
SIKGEA,sikgea_P1_charged
SIKHUQ,sikhuq_P1_charged
SINTIV,sintiv_P1_charged
SINWAQ,sinwaq_P1_charged_H
SINWEU,sinweu_P1_charged_H
SIRBIG07,sirbig07_P1_charged_H
SIWPUL08,siwpul08_P1_charged
SIWPUL09,siwpul09_P1_charged
SIWPUL10,siwpul10_P1_charged
SIWZOP03,siwzop03_P1_charged
SIYFEO,siyfeo_P1_charged_H
SOCPEI,socpei_P1_charged
SOCPOQ,socpoq_P1_charged
SODRUB,sodrub_P1_charged_H
SOGWIV,sogwiv_P1_charged
SOJKOT04,sojkot04_P1_charged
SOJTOC,sojtoc_P1_charged_H
SOLMUD,solmud_P1_charged
SOMFIK,somfik_P1_charged
SOMPOC,sompoc_P1_charged
SOMVOI,somvoi_P1_charged
SOTTUR,sottur_P1_charged_H
SOTXIK,sotxik_P1_charged_H
SOXPED,soxped_P1_charged
SUBMIN,submin_P1_charged
SUFROA,sufroa_P1_charged_H
SUKNOC,suknoc_P1_charged
SUKNUI,suknui_P1_charged
SUKPAQ,sukpaq_P1_charged
SUPCIS,supcis_P1_charged
SUPGIW,supgiw_P1_charged
SUQHUJ,suqhuj_P1_charged_H
SURWAG,surwag_P1_charged_H
TACWOM,tacwom_P1_charged
TACWUS,tacwus_P1_charged
TAGTIH,tagtih_P1_charged_H
TALJUM,taljum_P1_charged_H
TAMHUM,tamhum_P1_charged
TAMJAU,tamjau_P1_charged
TAMJEY,tamjey_P1_charged
TAMZUE,tamzue_P1_charged
TANBAN,tanban_P1_charged
TANBER,tanber_P1_charged
TANBIV,tanbiv_P1_charged
TAPBIZ,tapbiz_P1_charged
TAPHOJ,taphoj_P1_charged
TAQTOY,taqtoy_P1_charged
TAQTUE,taqtue_P1_charged
TAQTUE01,taqtue01_P1_charged_H
TARCUN,tarcun_P1_charged_H
TASJUT,tasjut_P1_charged
TASYUJ,tasyuj_P1_charged_H
TASZAQ,taszaq_P1_charged_H
TASZEU,taszeu_P1_charged_H
TATTOB,tattob_P1_charged
TATTUH,tattuh_P1_charged
TATWAQ,tatwaq_P1_charged
TATYUL,tatyul_P1_charged
TAWYUO,tawyuo_P1_charged_H
TAXLIQ01,taxliq01_P1_charged
TAZBOP,tazbop_P1_charged_H
TAZBOP01,tazbop01_P1_charged_H
TEJWEO,tejweo_P1_charged
TEJWIS,tejwis_P1_charged
TEJWUE,tejwue_P1_charged
TEXWOL,texwol_P1_charged_H
TEYBOQ,teyboq_P1_charged
TEYBUW,teybuw_P1_charged
TEYCAD,teycad_P1_charged
TEYHIP,teyhip_P1_charged
TEYMES,teymes_P1_charged
TEYMOC,teymoc_P1_charged
TIDLEZ,tidlez_P1_charged
TIFHAT,tifhat_P1_charged_H
TIFHEX,tifhex_P1_charged_H
TIGSOT,tigsot_P1_charged
TIHROU,tihrou_P1_charged
TIHRUA,tihrua_P1_charged_H
TIKXAN,tikxan_P1_charged
TILHAY,tilhay_P1_charged
TILHEC,tilhec_P1_charged
TILJEG,tiljeg_P1_charged
TINFED,tinfed_P1_charged
TITBUV,titbuv_P1_charged
TIVXOM,tivxom_P1_charged
TIZVED,tizved_P1_charged
TIZVED01,tizved01_P1_charged
TIZVIH,tizvih_P1_charged
TIZVIH01,tizvih01_P1_charged
TOBPEG,tobpeg_P1_charged
TOCXUH,tocxuh_P1_charged
TOFWAO,tofwao_P1_charged
TOGFIH,togfih_P1_charged_H
TOGGOO,toggoo_P1_charged_H
TOHYOF,tohyof_P1_charged_H
TOMBAB,tombab_P1_charged_H
TONBUU,tonbuu_P1_charged
TONKEN,tonken_P1_charged
TULNIZ,tulniz_P1_charged_H
TUPGIU,tupgiu_P1_charged_H
TUPZOW,tupzow_P1_charged_H
TURDIV,turdiv_P1_charged
TURDOB,turdob_P1_charged
TURDUH,turduh_P1_charged
TURFAP,turfap_P1_charged
TUSGOD,tusgod_P1_charged_H
TUSGUJ,tusguj_P1_charged_H
TUWFUP,tuwfup_P1_charged_H
UCABAE,ucabae_P1_charged
UCUHIM,ucuhim_P1_charged
UDIHOF,udihof_P1_charged_H
UDISAE,udisae_P1_charged_H
UDIWOW,udiwow_P1_charged
UFANEV,ufanev_P1_charged
UFOQUE,ufoque_P1_charged
UFUROF,ufurof_P1_charged
UGOSOY,ugosoy_P1_charged_H
UGUQOC,uguqoc_P1_charged
UHAXOS,uhaxos_P1_charged_H
UHOYUO,uhoyuo_P1_charged
UJUQIB,ujuqib_P1_charged
UKEXEP,ukexep_P1_charged_H
UKOZOK,ukozok_P1_charged_H
ULALOL,ulalol_P1_charged_H
ULAPUU,ulapuu_P1_charged
ULAQAB,ulaqab_P1_charged_H
ULAQEF,ulaqef_P1_charged_H
ULEJIH,ulejih_P1_charged
UMIGAA,umigaa_P1_charged_H
UMOCAD,umocad_P1_charged
UNINEM,uninem_P1_charged
UNINIQ,uniniq_P1_charged
UNINOW,uninow_P1_charged
UNINUC,uninuc_P1_charged
UNINUC01,uninuc01_P1_charged
UNIPAK,unipak_P1_charged
UNIPOY,unipoy_P1_charged
UNIPUE,unipue_P1_charged
UNUNEY,ununey_P1_charged
UPABAR,upabar_P1_charged
UQERIT,uqerit_P1_charged_H
UQOLUJ,uqoluj_P1_charged
UQOLUJ01,uqoluj01_P1_charged
UQOYOP,uqoyop_P1_charged
URENAI,urenai_P1_charged
URENEM,urenem_P1_charged_H
URUYOX,uruyox_P1_charged
URUYUD,uruyud_P1_charged
URUZAK,uruzak_P1_charged
URUZEO,uruzeo_P1_charged
URUZIS,uruzis_P1_charged
USOFEQ,usofeq_P1_charged
USOFIU,usofiu_P1_charged
USONAU,usonau_P1_charged
USONEY,usoney_P1_charged
UTIYIH,utiyih_P1_charged_H
UVARAL01,uvaral01_P1_charged_H
UVUFUN,uvufun_P1_charged_H
UWALEL,uwalel_P1_charged
UWAYID,uwayid_P1_charged_H
UXAXEZ,uxaxez_P1_charged
UXAXID,uxaxid_P1_charged
UYETUQ,uyetuq_P1_charged_H
UYEVEC,uyevec_P1_charged_H
UYEVUS,uyevus_P1_charged_H
UYEWED,uyewed_P1_charged_H
UYEWUT,uyewut_P1_charged_H
UYOXUC,uyoxuc_P1_charged
UZEGIS,uzegis_P1_charged
UZOBER,uzober_P1_charged
UZUSEO,uzuseo_P1_charged_H
VABREY,vabrey_P1_charged
VACKUI,vackui_P1_charged
VACLAP,vaclap_P1_charged
VADWON,vadwon_P1_charged_H
VAJFOE,vajfoe_P1_charged
VAKREG,vakreg_P1_charged
VALQUY,valquy_P1_charged_H
VANNIK,vannik_P1_charged
VAPBAR,vapbar_P1_charged
VAPBEV,vapbev_P1_charged_H
VAPBIZ,vapbiz_P1_charged_H
VAPZIZ,vapziz_P1_charged
VAPZOF,vapzof_P1_charged
VARDAX,vardax_P1_charged
VARDEB,vardeb_P1_charged
VARDEB01,vardeb01_P1_charged
VARDOL,vardol_P1_charged
VARQUE,varque_P1_charged
VARQUE01,varque01_P1_charged
VARREP,varrep_P1_charged
VARWES,varwes_P1_charged_H
VARWIW,varwiw_P1_charged_H
VARWOC,varwoc_P1_charged_H
VARWUI,varwui_P1_charged_H
VASQAL,vasqal_P1_charged_H
VASQEP,vasqep_P1_charged_H
VATLOV,vatlov_P1_charged
VATLUB,vatlub_P1_charged
VATMAI,vatmai_P1_charged
VATMEM,vatmem_P1_charged
VATMIQ,vatmiq_P1_charged_H
VATNAJ,vatnaj_P1_charged
VATNIQ,vatniq_P1_charged
VATNIR,vatnir_P1_charged
VATQAM,vatqam_P1_charged_H
VATYEV,vatyev_P1_charged_H
VAYWEZ,vaywez_P1_charged
VAYWID,vaywid_P1_charged
VAZMUI,vazmui_P1_charged_H
VEDDIT,veddit_P1_charged
VEFJOG,vefjog_P1_charged_H
VEFTIN,veftin_P1_charged
VEFTUZ01,veftuz01_P1_charged
VEFTUZ02,veftuz02_P1_charged
VEGQAD,vegqad_P1_charged
VEGQEH,vegqeh_P1_charged
VEGQIL,vegqil_P1_charged
VEGQOR,vegqor_P1_charged
VEGRAE,vegrae_P1_charged
VEHKEA,vehkea_P1_charged
VEHKOK,vehkok_P1_charged_H
VEMDAT,vemdat_P1_charged_H
VEMHOL,vemhol_P1_charged
VEMTAJ01,vemtaj01_P1_charged
VENGAZ,vengaz_P1_charged_H
VEWKUF,vewkuf_P1_charged_H
VEWREX,vewrex_P1_charged
VEWTAV,vewtav_P1_charged_H
VEWTEZ,vewtez_P1_charged_H
VEYVEC,veyvec_P1_charged
VINHEH,vinheh_P1_charged_H
VINMUD,vinmud_P1_charged
VIRJEM,virjem_P1_charged
VIRJIQ,virjiq_P1_charged
VITKUG,vitkug_P1_charged
VITYOO,vityoo_P1_charged_H
VITYUU,vityuu_P1_charged_H
VITZAB,vitzab_P1_charged_H
VITZEF,vitzef_P1_charged_H
VITZIJ,vitzij_P1_charged_H
VITZOP,vitzop_P1_charged_H
VIWKIX,viwkix_P1_charged_H
VIWKOD,viwkod_P1_charged_H
VIWLAQ,viwlaq_P1_charged_H
VIWLEU,viwleu_P1_charged_H
VIWLIY,viwliy_P1_charged_H
VIWLOE,viwloe_P1_charged_H
VIWMAR,viwmar_P1_charged_H
VIWMEV,viwmev_P1_charged_H
VIWMIZ,viwmiz_P1_charged
VIWMOF,viwmof_P1_charged
VIYXOT,viyxot_P1_charged
VOBKAA,vobkaa_P1_charged
VODPOU,vodpou_P1_charged_H
VOJCUV,vojcuv_P1_charged
VOKJUD,vokjud_P1_charged
VOSWIL,voswil_P1_charged_H
VOSWOR,voswor_P1_charged
VOVKUO,vovkuo_P1_charged_H
VOYLUS,voylus_P1_charged
VUCFAD,vucfad_P1_charged_H
VUCTUK,vuctuk_P1_charged
VUCYOK,vucyok_P1_charged
VUKSOL,vuksol_P1_charged
VUMCEM,vumcem_P1_charged
VUMPOL,vumpol_P1_charged_H
VUMPUR,vumpur_P1_charged_H
VUMQAY,vumqay_P1_charged_H
VUMQEC,vumqec_P1_charged_H
VUMYIN,vumyin_P1_charged
VUNJAR,vunjar_P1_charged
VUPNAX,vupnax_P1_charged
VUQRIL,vuqril_P1_charged
VURLIF,vurlif_P1_charged
VURYOX,vuryox_P1_charged
WACLEV,waclev_P1_charged_H
WAFMAV,wafmav_P1_charged
WAGZEL,wagzel_P1_charged_H
WAHRIJ,wahrij_P1_charged_H
WALTEM,waltem_P1_charged
WAMGUP,wamgup_P1_charged
WAMYES,wamyes_P1_charged
WANRAI,wanrai_P1_charged
WAQDOJ,waqdoj_P1_charged
WASMUB02,wasmub02_P1_charged
WASNOU,wasnou_P1_charged_H
WASQIT,wasqit_P1_charged_H
WAVLIR,wavlir_P1_charged
WAVQER,wavqer_P1_charged
WAVQIV,wavqiv_P1_charged_H
WAVQOB,wavqob_P1_charged_H
WEBKIZ,webkiz_P1_charged
WEBKOD,webkod_P1_charged_H
WEBKOF,webkof_P1_charged
WEBZEK,webzek_P1_charged
WEFSEF,wefsef_P1_charged_H
WEGDIX,wegdix_P1_charged
WEHPIJ,wehpij_P1_charged
WEHPOP,wehpop_P1_charged
WEHQAC,wehqac_P1_charged
WEHQEG,wehqeg_P1_charged
WEHRIL,wehril_P1_charged
WELTUD,weltud_P1_charged_H
WEMJII,wemjii_P1_charged
WENSOA,wensoa_P1_charged_H
WEPHOR,wephor_P1_charged
WEPHOR01,wephor01_P1_charged
WEPJAF,wepjaf_P1_charged
WEPJAF01,wepjaf01_P1_charged
WEPJIN,wepjin_P1_charged
WEPJIN01,wepjin01_P1_charged
WERCEE,wercee_P1_charged_H
WERCII,wercii_P1_charged_H
WERCOO,wercoo_P1_charged_H
WERCUU,wercuu_P1_charged_H
WETPOD,wetpod_P1_charged
WETPUJ,wetpuj_P1_charged
WEVVOL,wevvol_P1_charged
WEWDEI,wewdei_P1_charged
WIDWOX,widwox_P1_charged_H
WIDZIU,widziu_P1_charged
WIJDAV,wijdav_P1_charged
WIKXUJ,wikxuj_P1_charged
WIMCAZ,wimcaz_P1_charged
WIMMEN,wimmen_P1_charged
WINJAG,winjag_P1_charged_H
WIPLOY,wiploy_P1_charged_H
WIPPIW,wippiw_P1_charged
WISVID,wisvid_P1_charged_H
WITJUG,witjug_P1_charged_H
WITKOB,witkob_P1_charged
WIYZOU,wiyzou_P1_charged
WOBHIF03,wobhif03_P1_charged
WOCVOC,wocvoc_P1_charged
WODFON,wodfon_P1_charged
WODFUT,wodfut_P1_charged
WODGEE,wodgee_P1_charged
WODVOB,wodvob_P1_charged
WODZEX,wodzex_P1_charged
WOFQEQ,wofqeq_P1_charged_H
WOFQIU,wofqiu_P1_charged_H
WOFQOA,wofqoa_P1_charged_H
WOLHIR,wolhir_P1_charged
WOTCUG,wotcug_P1_charged
WOTLOI,wotloi_P1_charged
WOYHUP,woyhup_P1_charged_H
WOYJAX,woyjax_P1_charged_H
WOYJEB,woyjeb_P1_charged_H
WOYJIF,woyjif_P1_charged_H
WOYJOL,woyjol_P1_charged_H
WOYWIS,woywis_P1_charged_H
WOZGUP,wozgup_P1_charged
WOZWEP,wozwep_P1_charged_H
WUFCEI,wufcei_P1_charged
WUFLOZ,wufloz_P1_charged
WUJFOX,wujfox_P1_charged
WUNSII,wunsii_P1_charged
WUNSII02,wunsii02_P1_charged
WUNTIJ,wuntij_P1_charged
WUNVOR,wunvor_P1_charged
WUPSEI,wupsei_P1_charged
WUPZOY,wupzoy_P1_charged
WUTXUH,wutxuh_P1_charged_H
WUWQUB,wuwqub_P1_charged
WUWRAI,wuwrai_P1_charged
XACFAJ,xacfaj_P1_charged
XACLOF,xaclof_P1_charged
XAFBEN,xafben_P1_charged_H
XAFBOX,xafbox_P1_charged
XALMAC,xalmac_P1_charged
XANMUX,xanmux_P1_charged
XANMUX02,xanmux02_P1_charged
XANMUX03,xanmux03_P1_charged
XANMUX08,xanmux08_P1_charged
XANNAB,xannab_P1_charged
XANXUF,xanxuf_P1_charged
XAPGED,xapged_P1_charged_H
XAPNIN,xapnin_P1_charged_H
XARPAK,xarpak_P1_charged
XARVAR,xarvar_P1_charged
XASNUD,xasnud_P1_charged_H
XASPEP,xaspep_P1_charged_H
XATDIJ,xatdij_P1_charged
XAWGAH,xawgah_P1_charged
XAWGEL,xawgel_P1_charged
XAYMUF,xaymuf_P1_charged
XAZDEK,xazdek_P1_charged
XAZDOU,xazdou_P1_charged
XAZFEJ,xazfej_P1_charged
XECTUX,xectux_P1_charged
XECVAF,xecvaf_P1_charged
XEFGAQ,xefgaq_P1_charged
XEFXOZ,xefxoz_P1_charged
XEHDOG,xehdog_P1_charged_H
XEJGOL,xejgol_P1_charged_H
XEJQAG,xejqag_P1_charged
XEJQEK,xejqek_P1_charged
XEJQIO,xejqio_P1_charged
XEJREL,xejrel_P1_charged
XEJRIP,xejrip_P1_charged
XENLEL,xenlel_P1_charged
XENZUN,xenzun_P1_charged
XEWYOQ,xewyoq_P1_charged
XEYMIZ,xeymiz_P1_charged_H
XICDUI,xicdui_P1_charged
XICJIF,xicjif_P1_charged
XICJUR,xicjur_P1_charged
XICJUR01,xicjur01_P1_charged
XICKOL,xickol_P1_charged
XICKOM,xickom_P1_charged
XICKOM01,xickom01_P1_charged
XIDHID,xidhid_P1_charged
XILKOV,xilkov_P1_charged
XILLEL,xillel_P1_charged
XILLIP,xillip_P1_charged
XILRAO,xilrao_P1_charged_H
XIMJOV,ximjov_P1_charged_H
XIMJUB,ximjub_P1_charged_H
XINLEO,xinleo_P1_charged
XIPHIN,xiphin_P1_charged_H
XIQYUU,xiqyuu_P1_charged_H
XIQZIH,xiqzih_P1_charged
XIRKAM,xirkam_P1_charged
XISMEU,xismeu_P1_charged
XIYZIR,xiyzir_P1_charged
XOFFUT,xoffut_P1_charged_H
XOGHAF,xoghaf_P1_charged
XOGZUR,xogzur_P1_charged
XOHQIX,xohqix_P1_charged
XOHTUJ,xohtuj_P1_charged
XOJCAB,xojcab_P1_charged
XOJCEF,xojcef_P1_charged
XOJCIJ,xojcij_P1_charged
XOJWID,xojwid_P1_charged
XOJWOJ,xojwoj_P1_charged_H
XOJXEA,xojxea_P1_charged_H
XOLGEM,xolgem_P1_charged
XOMDOU,xomdou_P1_charged
XOMSUP,xomsup_P1_charged
XOPLUL,xoplul_P1_charged
XORDUG,xordug_P1_charged_H
XOTGUI,xotgui_P1_charged_H
XOVYUD,xovyud_P1_charged
XUDKEP,xudkep_P1_charged
XUDKIT,xudkit_P1_charged
XUDKOZ,xudkoz_P1_charged
XUDKUF,xudkuf_P1_charged
XUDYOM,xudyom_P1_charged_H
XUFXED,xufxed_P1_charged_H
XUHVON,xuhvon_P1_charged
XUJNEY,xujney_P1_charged
XUJNOI,xujnoi_P1_charged
XUJNUO,xujnuo_P1_charged
XUJSAY,xujsay_P1_charged
XUJVEG,xujveg_P1_charged
XUKMEY,xukmey_P1_charged_H
XUKMIC03,xukmic03_P1_charged_H
XUKMUO,xukmuo_P1_charged_H
XUKYEI,xukyei_P1_charged
XUMMEZ,xummez_P1_charged
XUMMOJ,xummoj_P1_charged
XUMMUP,xummup_P1_charged
XUVQOW,xuvqow_P1_charged
XUWFUR,xuwfur_P1_charged
XUZFUU,xuzfuu_P1_charged
YABKEU,yabkeu_P1_charged
YAFMIF,yafmif_P1_charged_H
YAFWEL,yafwel_P1_charged
YAFWIP,yafwip_P1_charged
YAKCUM,yakcum_P1_charged_H
YAMKOP,yamkop_P1_charged
YAPPEO,yappeo_P1_charged_H
YAPPOY,yappoy_P1_charged_H
YAPRUE,yaprue_P1_charged_H
YAPSAL,yapsal_P1_charged_H
YAQBAX,yaqbax_P1_charged_H
YAQBEB,yaqbeb_P1_charged
YAQZAT,yaqzat_P1_charged_H
YAQZEX,yaqzex_P1_charged_H
YARGAB,yargab_P1_charged
YARGIJ,yargij_P1_charged
YARVOG,yarvog_P1_charged
YARZEZ02,yarzez02_P1_charged
YARZEZ03,yarzez03_P1_charged
YASLOW,yaslow_P1_charged_H
YATVUN,yatvun_P1_charged
YATWAU,yatwau_P1_charged
YAVWUQ,yavwuq_P1_charged
YEBKUM,yebkum_P1_charged
YEBLAT,yeblat_P1_charged_H
YECNEB,yecneb_P1_charged
YEFTAH,yeftah_P1_charged
YEFTIP,yeftip_P1_charged
YEFTOV,yeftov_P1_charged
YEFTUB,yeftub_P1_charged
YEGCUJ,yegcuj_P1_charged
YEGYIU,yegyiu_P1_charged
YEKBOJ,yekboj_P1_charged_H
YEKWEU,yekweu_P1_charged
YEKXIX,yekxix_P1_charged
YEMGED,yemged_P1_charged_H
YESSUN,yessun_P1_charged_H
YESTAU,yestau_P1_charged_H
YEVKAO,yevkao_P1_charged_H
YEVTOL,yevtol_P1_charged_H
YEVTUR,yevtur_P1_charged_H
YEWKAP,yewkap_P1_charged_H
YEXCOW,yexcow_P1_charged
YEXCUC,yexcuc_P1_charged
YEYBOV,yeybov_P1_charged
YEZDAL,yezdal_P1_charged
YEZJUL,yezjul_P1_charged
YEZYEK,yezyek_P1_charged
YICPEI,yicpei_P1_charged
YIGKAD,yigkad_P1_charged
YIKJOT,yikjot_P1_charged_H
YIKJUZ,yikjuz_P1_charged
YILKAH,yilkah_P1_charged
YINXIE,yinxie_P1_charged_H
YIXFOC,yixfoc_P1_charged
YIXFUI,yixfui_P1_charged
YIXGIY,yixgiy_P1_charged
YIXGOE,yixgoe_P1_charged
YIXGUK,yixguk_P1_charged
YIXHAR,yixhar_P1_charged
YIXHEV,yixhev_P1_charged
YIXHOF,yixhof_P1_charged
YIXHUL,yixhul_P1_charged
YIXJAT,yixjat_P1_charged
YIXJEX,yixjex_P1_charged
YIZYEO,yizyeo_P1_charged
YODJEI,yodjei_P1_charged_H
YODKAG,yodkag_P1_charged
YODWOF,yodwof_P1_charged_H
YOFXEY,yofxey_P1_charged
YOFXIC,yofxic_P1_charged
YOKZEG,yokzeg_P1_charged
YOLHAL,yolhal_P1_charged_H
YOPLOG,yoplog_P1_charged
YOTREG,yotreg_P1_charged_H
YOVCAP,yovcap_P1_charged
YOYJUS,yoyjus_P1_charged
YOYNOR,yoynor_P1_charged
YOYNUX,yoynux_P1_charged
YOYPAF,yoypaf_P1_charged
YOYPEJ,yoypej_P1_charged
YOYPIN,yoypin_P1_charged
YOYPOT,yoypot_P1_charged
YOYPUZ,yoypuz_P1_charged
YOYQAG,yoyqag_P1_charged
YOYQEK,yoyqek_P1_charged
YOYQIO,yoyqio_P1_charged
YOYQUA,yoyqua_P1_charged
YOYRAH,yoyrah_P1_charged
YOYREL,yoyrel_P1_charged
YOYRIP,yoyrip_P1_charged
YOZHIG,yozhig_P1_charged
YOZQEK,yozqek_P1_charged_H
YUBRUI,yubrui_P1_charged
YUJGES,yujges_P1_charged_H
YUKLEY,yukley_P1_charged_H
YULVAF,yulvaf_P1_charged_H
YUMPEE,yumpee_P1_charged
YUNKIC,yunkic_P1_charged_H
YUQNAB,yuqnab_P1_charged
YURJUR,yurjur_P1_charged
YUSTUC,yustuc_P1_charged_H
YUTVOB,yutvob_P1_charged
YUVMIO,yuvmio_P1_charged_H
YUVNIP,yuvnip_P1_charged
YUXLEJ,yuxlej_P1_charged
YUXLIN,yuxlin_P1_charged
YUYGOQ,yuygoq_P1_charged
YUYLEL,yuylel_P1_charged
YUYLIP,yuylip_P1_charged_H
YUYLOV,yuylov_P1_charged_H
ZADGAQ,zadgaq_P1_charged_H
ZAFWUB,zafwub_P1_charged
ZAFXAI,zafxai_P1_charged_H
ZAGZAM,zagzam_P1_charged_H
ZAGZEQ,zagzeq_P1_charged_H
ZAHBAP,zahbap_P1_charged_H
ZAHBET,zahbet_P1_charged_H
ZAJMEG,zajmeg_P1_charged_H
ZALGOL,zalgol_P1_charged_H
ZAQSET,zaqset_P1_charged_H
ZARMAI,zarmai_P1_charged_H
ZAXQOG,zaxqog_P1_charged
ZAYPOH,zaypoh_P1_charged_H
ZAYWUU,zaywuu_P1_charged
ZAYWUU01,zaywuu01_P1_charged
ZAYXEF,zayxef_P1_charged_H
ZEDGAU,zedgau_P1_charged_H
ZEDGIC,zedgic_P1_charged_H
ZEDGOI,zedgoi_P1_charged_H
ZEDGUO,zedguo_P1_charged
ZEDVIP,zedvip_P1_charged_H
ZEDVOV,zedvov_P1_charged_H
ZEDVUB,zedvub_P1_charged_H
ZEDWAI,zedwai_P1_charged_H
ZEFYIU,zefyiu_P1_charged_H
ZEHTEP,zehtep_P1_charged_H
ZEVQAV,zevqav_P1_charged
ZEVQEZ,zevqez_P1_charged
ZEVQID,zevqid_P1_charged
ZEVWUU,zevwuu_P1_charged
ZEVXAB,zevxab_P1_charged
ZEVXEF,zevxef_P1_charged
ZEXWOR,zexwor_P1_charged
ZEXWOR01,zexwor01_P1_charged
ZEXXAE,zexxae_P1_charged
ZEXXEI,zexxei_P1_charged
ZEXXEI01,zexxei01_P1_charged
ZEXXOS,zexxos_P1_charged
ZEYRED,zeyred_P1_charged
ZEYRON,zeyron_P1_charged_H
ZEZFIV,zezfiv_P1_charged_H
ZIDBEV,zidbev_P1_charged
ZIDVAL,zidval_P1_charged_H
ZIFZOG,zifzog_P1_charged_H
ZIFZUM,zifzum_P1_charged_H
ZIGLOT,ziglot_P1_charged
ZIGQIS,zigqis_P1_charged_H
ZIJGUU01,zijguu01_P1_charged
ZIJXOI,zijxoi_P1_charged_H
ZIKGEI,zikgei_P1_charged_H
ZIMZUT,zimzut_P1_charged
ZINVUQ,zinvuq_P1_charged
ZINYUT,zinyut_P1_charged
ZIXDAO,zixdao_P1_charged
ZIXDES,zixdes_P1_charged
ZIXDIW,zixdiw_P1_charged
ZIYSEI,ziysei_P1_charged_H
ZOFWID,zofwid_P1_charged
ZOHFUZ,zohfuz_P1_charged_H
ZOPTOQ,zoptoq_P1_charged
ZOXFAV,zoxfav_P1_charged
ZOXFAV02,zoxfav02_P1_charged
ZOXFEZ,zoxfez_P1_charged
ZOXFEZ01,zoxfez01_P1_charged
ZOZPUB,zozpub_P1_charged
ZOZQOX,zozqox_P1_charged_H
ZOZQUD,zozqud_P1_charged_H
ZOZSAL,zozsal_P1_charged
ZUCKIT,zuckit_P1_charged
ZUKNAW,zuknaw_P1_charged_H
ZULNAX,zulnax_P1_charged
ZUQVEM,zuqvem_P1_charged
ZUQVIQ,zuqviq_P1_charged
ZUQVOW,zuqvow_P1_charged
ZUSCOI,zuscoi_P1_charged
ZUSDEZ,zusdez_P1_charged
ZUWXUM,zuwxum_P1_charged
