CSD refcode,CIF filename
ABEDEU,abedeu_P1_H
ABEFUL,abeful_P1_H
ACAZOX,acazox_P1_H
ACIBOE,aciboe_P1_H
ACODON,acodon_P1_charged_H
ACUFEK,acufek_P1_H
ACUTOI,acutoi_P1_H
ADASIJ,adasij_P1_H
ADASOP,adasop_P1_H
ADATAC,adatac_P1_H
ADATIK,adatik_P1_H
ADOGUZ,adoguz_P1_H
ADUWIH,aduwih_P1_H
ADUWON,aduwon_P1_charged_H
AFIPAH,afipah_P1_H
AGABIU,agabiu_P1_charged_H
AGESIP,agesip_P1_H
AHEQAH,aheqah_P1_H
AJAKON,ajakon_P1_H
AKOBAF,akobaf_P1_charged_H
ALAHUS,alahus_P1_H
ALEJAE,alejae_P1_H
ALEJEI,alejei_P1_H
ALEJIM,alejim_P1_H
ALOLES,aloles_P1_charged_H
AMUVAI,amuvai_P1_charged_H
ANEHEI,anehei_P1_H
ANUGEW,anugew_P1_H
ANUGIA,anugia_P1_H
ANUGOG,anugog_P1_H
AQAGEH,aqageh_P1_charged_H
ARAGOR,aragor_P1_H
ATEYED,ateyed_P1_charged_H
AVAJUE02,avajue02_P1_H
AVAKAL02,avakal02_P1_H
AVAKEP02,avakep02_P1_H
AVEQID,aveqid_P1_H
AVIHOE,avihoe_P1_H
AWASEY,awasey_P1_H
AWEGEP,awegep_P1_H
AXINIF,axinif_P1_H
AXUBOL,axubol_P1_H
AZEKIC,azekic_P1_charged_H
AZEKOI,azekoi_P1_charged_H
AZOXUL,azoxul_P1_charged_H
BAKSIS,baksis_P1_H
BAWRUO,bawruo_P1_charged_H
BAZFUF,bazfuf_P1_H
BAZFUF01,bazfuf01_P1_H
BAZGAM,bazgam_P1_H
BAZGEQ,bazgeq_P1_H
BEDYEQ,bedyeq_P1_H
BEQKAM,beqkam_P1_H
BETHIT,bethit_P1_charged_H
BICPUA,bicpua_P1_H
BIGWOG,bigwog_P1_H
BIHRUI,bihrui_P1_H
BIHVUM,bihvum_P1_H
BINROH,binroh_P1_H
BINRUN,binrun_P1_H
BINSAU,binsau_P1_H
BIPLAQ,biplaq_P1_H
BIPSUQ,bipsuq_P1_H
BIRSEC,birsec_P1_H
BIRSIG,birsig_P1_H
BOHJAK,bohjak_P1_H
BOKQEZ,bokqez_P1_H
BOXFAW,boxfaw_P1_charged_H
BOXFEA,boxfea_P1_charged_H
BUFNEW,bufnew_P1_charged_H
BUFNOG,bufnog_P1_charged_H
BUFNUM,bufnum_P1_charged_H
BUFNUM01,bufnum01_P1_charged_H
BUFNUM02,bufnum02_P1_charged_H
BUFPAU01,bufpau01_P1_charged_H
BUJMAX,bujmax_P1_charged_H
BUJMEB,bujmeb_P1_charged_H
BUKRUW01,bukruw01_P1_H
BUKSAD,buksad_P1_H
BUNLAZ,bunlaz_P1_H
BUNMOP,bunmop_P1_charged
BUWMAJ,buwmaj_P1_charged_H
BUXNOZ,buxnoz_P1_H
CAJQEL,cajqel_P1_H
CAQHOU,caqhou_P1_H
CAQKAJ01,caqkaj01_P1_H
CARFOT,carfot_P1_charged_H
CATZIJ01,catzij01_P1_H
CAYKEU,caykeu_P1_H
CEBDOD,cebdod_P1_charged_H
CEFLEF,ceflef_P1_H
CEFNEJ,cefnej_P1_H
CEFNIN,cefnin_P1_H
CEFNOT,cefnot_P1_H
CEJCAW,cejcaw_P1_charged_H
CERMIV,cermiv_P1_H
CETFOX,cetfox_P1_H
CEZCOC,cezcoc_P1_charged_H
CILXED,cilxed_P1_H
CILXIH,cilxih_P1_H
CIMTAV,cimtav_P1_charged_H
CIMTEZ,cimtez_P1_charged_H
CIPREZ,ciprez_P1_charged_H
CISMAT,cismat_P1_H
CISMAT01,cismat01_P1_H
CODROD,codrod_P1_H
CODRUJ,codruj_P1_H
COGNAO,cognao_P1_H
COKROL,cokrol_P1_H
COMDOY,comdoy_P1_H
COPBOB,copbob_P1_charged_H
COQHUN,coqhun_P1_charged_H
COVPAG,covpag_P1_H
COYTUG,coytug_P1_H
COYTUG01,coytug01_P1_H
COYVAO,coyvao_P1_H
COYVAO01,coyvao01_P1_H
COYVES,coyves_P1_H
COYVES01,coyves01_P1_H
COZMUA,cozmua_P1_H
CUBQIB,cubqib_P1_charged_H
CUCFEN,cucfen_P1_H
CUCKIV,cuckiv_P1_H
CUDHER,cudher_P1_H
CUGQEC,cugqec_P1_H
CUJXOW,cujxow_P1_H
CUJXUC,cujxuc_P1_H
CUKXUC,cukxuc_P1_H
CUMSEL,cumsel_P1_H
CUNFID,cunfid_P1_H
CUSDIE,cusdie_P1_charged_H
CUSLAG,cuslag_P1_charged_H
DABGIZ,dabgiz_P1_H
DACZUF,daczuf_P1_H
DAJWET,dajwet_P1_charged_H
DAKVOC,dakvoc_P1_H
DAKVUI,dakvui_P1_H
DAKXIA,dakxia_P1_H
DALSER,dalser_P1_charged_H
DANROC,danroc_P1_H
DANZAV,danzav_P1_charged_H
DANZEZ,danzez_P1_charged_H
DANZID,danzid_P1_charged_H
DAPYAW,dapyaw_P1_charged_H
DAWWEF,dawwef_P1_H
DEFPOX,defpox_P1_H
DEGPEL,degpel_P1_charged_H
DEWQUS,dewqus_P1_charged_H
DIBQEM,dibqem_P1_H
DIBQIQ,dibqiq_P1_H
DIBQOW,dibqow_P1_H
DIGPER,digper_P1_H
DIHVIB02,dihvib02_P1_H
DIMBOT,dimbot_P1_H
DITJOH,ditjoh_P1_H
DIVYOZ,divyoz_P1_charged_H
DOMGET,domget_P1_H
DONNEA,donnea_P1_H
DOPHOH,dophoh_P1_H
DOPHUN,dophun_P1_H
DORNAB,dornab_P1_H
DOZCEC,dozcec_P1_charged_H
DOZKIO,dozkio_P1_H
DUFJOG,dufjog_P1_H
DUFKAS,dufkas_P1_charged_H
DUFZOU,dufzou_P1_H
DUFZUA,dufzua_P1_H
DUGBAJ,dugbaj_P1_H
DUPJAB,dupjab_P1_charged_H
DUQNIP,duqnip_P1_H
DURCAX,durcax_P1_H
DURCOL,durcol_P1_H
DUVNOA,duvnoa_P1_H
DUVQET,duvqet_P1_H
DUVQUJ,duvquj_P1_H
DUXSIA,duxsia_P1_H
DUZKAM,duzkam_P1_charged_H
EBEWIT,ebewit_P1_H
EBEXAM,ebexam_P1_H
EBIHEE,ebihee_P1_H
EBOTOF,ebotof_P1_H
EBUKUL,ebukul_P1_H
EBUVAA,ebuvaa_P1_H
ECEZAO,ecezao_P1_H
ECEZAO01,ecezao01_P1_H
ECINUC,ecinuc_P1_H
ECOKAJ,ecokaj_P1_H
EDEPAG,edepag_P1_H
EDOVEA,edovea_P1_charged_H
EDOVIE,edovie_P1_charged_H
EGAFOJ,egafoj_P1_H
EGAFUP,egafup_P1_H
EGAGAW,egagaw_P1_H
EJIPUL,ejipul_P1_charged_H
EJIQAS,ejiqas_P1_charged_H
EJOQUR,ejoqur_P1_H
EJORAY,ejoray_P1_H
EKEQIV,ekeqiv_P1_H
EKOLAU,ekolau_P1_H
ELERIY,eleriy_P1_H
ELUTIR,elutir_P1_H
EMIPUO,emipuo_P1_H
EMUBIZ,emubiz_P1_H
ENAFAB,enafab_P1_H
ENESOH,enesoh_P1_charged_H
ENESUN,enesun_P1_charged_H
ENEXIH,enexih_P1_H
ENIHUG01,enihug01_P1_H
ENISOK,enisok_P1_H
ENITAX,enitax_P1_H
EPISOM,episom_P1_H
EPOTAF,epotaf_P1_H
EQERAU,eqerau_P1_H
EQUNIP,equnip_P1_charged_H
EQUYOH,equyoh_P1_H
ERAMER,eramer_P1_H
ERAMES,erames_P1_H
EROBIZ,erobiz_P1_H
EROJUT,erojut_P1_charged_H
ETETAB,etetab_P1_charged_H
ETETEF,etetef_P1_H
ETOVIV,etoviv_P1_H
EVOHOM,evohom_P1_H
EXAXAE,exaxae_P1_H
EXAXAE03,exaxae03_P1_H
EXOTOB,exotob_P1_H
EXOZIB,exozib_P1_H
FAFGAU,fafgau_P1_H
FAFMAA,fafmaa_P1_H
FAFMEE,fafmee_P1_H
FAHFUR,fahfur_P1_charged_H
FAHPOV,fahpov_P1_H
FAHTUE,fahtue_P1_H
FAHVAM,fahvam_P1_H
FAKMIR,fakmir_P1_H
FAKMOX,fakmox_P1_charged_H
FALVOF,falvof_P1_charged_H
FALVOF01,falvof01_P1_charged_H
FALVUL,falvul_P1_H
FALVUL01,falvul01_P1_H
FALVUL02,falvul02_P1_charged_H
FAMSUH,famsuh_P1_H
FAMTAO,famtao_P1_H
FANCIJ,fancij_P1
FAQYUR,faqyur_P1_H
FASFOX,fasfox_P1_H
FASFUD,fasfud_P1_H
FASGAK,fasgak_P1_H
FAXLEY,faxley_P1_H
FECXAO,fecxao_P1_H
FECXOC,fecxoc_P1_charged_H
FEDQUE,fedque_P1_H
FENVOL,fenvol_P1_charged_H
FEVPED,fevped_P1_H
FEVPIH,fevpih_P1_H
FEWQIJ,fewqij_P1_H
FEWQOP,fewqop_P1_H
FIDLUC,fidluc_P1_charged_H
FIDRIV,fidriv_P1_H
FIFGEI,fifgei_P1_charged_H
FIFPOA,fifpoa_P1_H
FILBAG,filbag_P1_charged_H
FIQCEN,fiqcen_P1_H
FISGOF,fisgof_P1_H
FITJAU,fitjau_P1_charged_H
FITJEY,fitjey_P1_charged_H
FIYDOH,fiydoh_P1_H
FIZPOV,fizpov_P1_H
FIZPUB,fizpub_P1_H
FIZQAI,fizqai_P1_H
FOFDUC,fofduc_P1_H
FORHAY,forhay_P1_H
FORTIR,fortir_P1_H
FORWAL,forwal_P1_charged_H
FOTNIN,fotnin_P1_H
FUNGAZ,fungaz_P1_H
FUTZOK,futzok_P1_H
FUWFIO,fuwfio_P1_H
FUWYAY,fuwyay_P1_H
FUZRID,fuzrid_P1_charged_H
FUZROJ,fuzroj_P1_H
GAGSUF,gagsuf_P1_H
GAGTOA,gagtoa_P1_H
GALLOW,gallow_P1_H
GAMXAV,gamxav_P1_H
GATHIW,gathiw_P1_H
GATQIE,gatqie_P1_H
GAXKOH,gaxkoh_P1_H
GAYXEM,gayxem_P1_H
GAYXIQ,gayxiq_P1_H
GEFZAV,gefzav_P1_H
GEGDED,gegded_P1_H
GEGSIW,gegsiw_P1_H
GELPEV,gelpev_P1_H
GERBEN,gerben_P1_H
GERPUP,gerpup_P1_H
GERWEH,gerweh_P1_H
GERXEJ,gerxej_P1_H
GEVVUB,gevvub_P1_H
GINTEF,gintef_P1_H
GINTIJ,gintij_P1_H
GINTOP,gintop_P1_H
GINWUY,ginwuy_P1_H
GINYAG,ginyag_P1_H
GINYIO,ginyio_P1_H
GIPFAP,gipfap_P1_H
GIRXUC,girxuc_P1_H
GIRYAJ,giryaj_P1_H
GITPIK,gitpik_P1_H
GIWSOX,giwsox_P1_H
GODDIP,goddip_P1_charged_H
GOMQUX,gomqux_P1_H
GOSDEZ,gosdez_P1_H
GOSDID,gosdid_P1_H
GOVHIL,govhil_P1_H
GOVJIN,govjin_P1_H
GUHMIH,guhmih_P1_charged_H
GUKQUZ,gukquz_P1_H
GUKVAK,gukvak_P1_H
GULVUF,gulvuf_P1_H
GULWOA,gulwoa_P1_H
GURTIX,gurtix_P1_H
GUTCEF,gutcef_P1_charged_H
GUTCIJ,gutcij_P1_charged_H
GUXJUF,guxjuf_P1_H
HABQUY,habquy_P1_H
HADXIW,hadxiw_P1_H
HAKVUN,hakvun_P1_charged_H
HAKWAU,hakwau_P1_H
HAMLIT,hamlit_P1_charged_H
HAMXIG,hamxig_P1_H
HANKUE,hankue_P1_charged_H
HANWAW,hanwaw_P1_H
HANZEF,hanzef_P1_H
HAPPAS,happas_P1_H
HAPVAX,hapvax_P1_H
HAPVEB,hapveb_P1_H
HASTAY,hastay_P1_H
HAVPUT,havput_P1_charged_H
HAVZIP,havzip_P1_charged_H
HAZSIL,hazsil_P1_H
HEDBID,hedbid_P1_H
HEFDED,hefded_P1_H
HEHKUD,hehkud_P1_charged_H
HEHLAK,hehlak_P1_charged_H
HEHVAU,hehvau_P1_H
HEHZAY,hehzay_P1_charged_H
HEMTEZ,hemtez_P1_charged_H
HERHAQ,herhaq_P1_H
HERHEU,herheu_P1_H
HERHOE,herhoe_P1_H
HERHUK02,herhuk02_P1_H
HERJAS,herjas_P1_H
HERJOG,herjog_P1_H
HETCOB,hetcob_P1_charged_H
HEXVEM,hexvem_P1_H
HICCUU,hiccuu_P1_H
HICKAG,hickag_P1_H
HICNIT,hicnit_P1_H
HICNOZ,hicnoz_P1_H
HIDBIH,hidbih_P1_H
HIFZAY,hifzay_P1_charged_H
HIWXER,hiwxer_P1_H
HIYGIH,hiygih_P1_H
HOCMOE,hocmoe_P1_charged_H
HOGLEV01,hoglev01_P1_H
HOMZEP,homzep_P1_H
HOQBOF,hoqbof_P1_H
HOWPOZ,howpoz_P1_H
HOWQOA,howqoa_P1_H
HOZBUV,hozbuv_P1_H
HOZFIN,hozfin_P1_charged_H
HUJGEA,hujgea_P1_H
HURQUG,hurqug_P1_H
IBABOF,ibabof_P1
IBABOF01,ibabof01_P1
IBABUL,ibabul_P1
IBACAS,ibacas_P1_H
IBASOX,ibasox_P1_H
IBITUK,ibituk_P1_charged_H
ICEPEM,icepem_P1_H
ICIVAS,icivas_P1_H
IDAGUR,idagur_P1_H
IFANOV,ifanov_P1_H
IFANUB,ifanub_P1_H
IFAPAJ,ifapaj_P1_H
IFOSIG,ifosig_P1_H
IGAHAB,igahab_P1_H
IGAHED,igahed_P1_H
IGAHED02,igahed02_P1_H
IGIFOW,igifow_P1_H
IGUFOH,igufoh_P1_charged_H
IHAZOH,ihazoh_P1_charged_H
IJANAJ,ijanaj_P1_H
IJEJEP,ijejep_P1_charged_H
IJEVEA,ijevea_P1_H
IJEVIE,ijevie_P1_charged_H
IJEXUS,ijexus_P1_charged_H
IJEYIG,ijeyig_P1_H
IJICAI,ijicai_P1_H
IJICIQ,ijiciq_P1_charged_H
IKETIB,iketib_P1_charged_H
IKETOH,iketoh_P1_charged_H
IKETUN,iketun_P1_H
IKEZED,ikezed_P1_charged_H
IKILIA,ikilia_P1_H
ILUGOM,ilugom_P1_H
ILUHON,iluhon_P1_H
ILUJAB,ilujab_P1_H
ILUJIJ,ilujij_P1_H
ILUROZ,iluroz_P1_H
IMUVAO,imuvao_P1_H
INEBOT,inebot_P1_charged_H
INEBOT01,inebot01_P1_charged_H
INEMUM,inemum_P1_H
IPAQIC,ipaqic_P1_H
IPAQOI,ipaqoi_P1_H
IPAQUO,ipaquo_P1_H
IPIJUM,ipijum_P1_H
IPOCEY,ipocey_P1_charged_H
IPUPIU,ipupiu_P1_H
IQOKIK,iqokik_P1_H
ISAYOQ,isayoq_P1_charged_H
IVILEG,ivileg_P1_charged_H
IWEVAJ,iwevaj_P1_H
IWEXAM,iwexam_P1_H
IXEJIG,ixejig_P1_H
IXEJOM,ixejom_P1_H
IXEJUS,ixejus_P1_H
IYACOD,iyacod_P1_H
IYEPUZ,iyepuz_P1_H
IYESUC,iyesuc_P1_H
IYUJAO,iyujao_P1_H
IZEQUB,izequb_P1_H
IZIBUQ,izibuq_P1_H
JAHXUM,jahxum_P1_H
JALLOA,jalloa_P1_H
JAVNIE,javnie_P1_H
JEBWEV,jebwev_P1_charged_H
JEDJUY,jedjuy_P1_H
JEGSAT,jegsat_P1_H
JEGSIB,jegsib_P1_H
JEGSUN,jegsun_P1_H
JEGTEY,jegtey_P1_H
JEGTIC,jegtic_P1_H
JETLUS,jetlus_P1_H
JICJAJ,jicjaj_P1_H
JICJEN,jicjen_P1_H
JIDPAQ,jidpaq_P1_charged_H
JIDRUM,jidrum_P1_charged_H
JIHWAB,jihwab_P1_H
JIJDIS,jijdis_P1_H
JIJDOY,jijdoy_P1_H
JIYBEB,jiybeb_P1_H
JOGJEX,jogjex_P1_charged_H
JOMZIX,jomzix_P1_H
JUCYOY,jucyoy_P1_H
JUCZAL,juczal_P1_H
JUTWED,jutwed_P1_charged_H
JUTZEG,jutzeg_P1_charged_H
KACZEV,kaczev_P1_H
KACZIZ,kacziz_P1_H
KAWQUX,kawqux_P1_H
KAWXIS,kawxis_P1_charged_H
KAZXEQ,kazxeq_P1_charged_H
KECROD,kecrod_P1_charged_H
KECRUJ,kecruj_P1_charged_H
KEDQAN,kedqan_P1_H
KEFBEE,kefbee_P1_H
KEFBII,kefbii_P1_H
KEFBOO,kefboo_P1_H
KEGBIK,kegbik_P1_charged_H
KEHDUA,kehdua_P1_charged_H
KEPPIF,keppif_P1_charged_H
KEQDER,keqder_P1_H
KERFOF,kerfof_P1_H
KICXEB,kicxeb_P1_H
KIDVIE,kidvie_P1_H
KIJRUS,kijrus_P1_H
KIKFIV,kikfiv_P1_H
KIYBIF,kiybif_P1_H
KOCCUC,koccuc_P1_H
KODPUP02,kodpup02_P1_H
KOFVOS,kofvos_P1_H
KOGTAE,kogtae_P1_H
KOGTEI,kogtei_P1_H
KOHKIC,kohkic_P1_H
KOHKOI,kohkoi_P1_H
KOTLOX,kotlox_P1_H
KOZQEX,kozqex_P1_H
KUFBEU,kufbeu_P1_H
KUGZIW,kugziw_P1_charged_H
KUWPAV,kuwpav_P1_H
KUYGOC,kuygoc_P1_H
KUYHIY,kuyhiy_P1_H
KUYJAS,kuyjas_P1_charged_H
LABRUE,labrue_P1_charged_H
LAGWEX,lagwex_P1_H
LAJLIT,lajlit_P1_charged_H
LALPIZ,lalpiz_P1_H
LALPOF,lalpof_P1_H
LAQXOU,laqxou_P1_H
LARKOI,larkoi_P1_H
LARXUA,larxua_P1_H
LASDEQ,lasdeq_P1_H
LASGIZ,lasgiz_P1_charged_H
LASYOU,lasyou_P1_H
LAVTAF,lavtaf_P1_H
LAVTEJ,lavtej_P1_H
LAVTIN,lavtin_P1_H
LAVTOT,lavtot_P1_H
LAVTUZ,lavtuz_P1_H
LAVZOA,lavzoa_P1_H
LAYQUA,layqua_P1_H
LAZHUR,lazhur_P1_H
LAZQOU,lazqou_P1_H
LAZXOB,lazxob_P1_H
LECFAC,lecfac_P1_H
LECFEG,lecfeg_P1_H
LECGAD,lecgad_P1_H
LECGIL,lecgil_P1_charged_H
LEDGIO,ledgio_P1_H
LEKMEW,lekmew_P1_H
LEKNOH,leknoh_P1_H
LEPKEZ,lepkez_P1_charged_H
LEPKID,lepkid_P1_charged_H
LEPKOJ,lepkoj_P1_charged_H
LEPSIL,lepsil_P1_H
LETFIA,letfia_P1_charged_H
LEVFAW,levfaw_P1_H
LICGOW,licgow_P1_H
LIGQEA,ligqea_P1_H
LIJQON,lijqon_P1_H
LIJXEI,lijxei_P1_H
LIKWUA,likwua_P1_H
LIPQIL,lipqil_P1_charged_H
LIQDAS,liqdas_P1_H
LITKIL,litkil_P1_charged_H
LIXMIQ,lixmiq_P1_H
LIZFUY,lizfuy_P1_H
LIZQET,lizqet_P1_H
LOBBIQ,lobbiq_P1_H
LOBBOW,lobbow_P1_H
LOBBUC,lobbuc_P1_H
LOBQEB,lobqeb_P1_H
LODPOK,lodpok_P1_H
LODPUQ,lodpuq_P1_H
LOXBEH,loxbeh_P1_H
LUDLED,ludled_P1_H
LUDLIH,ludlih_P1_H
LUFNAC01,lufnac01_P1_H
LUFNAC03,lufnac03_P1_H
LUFNAC04,lufnac04_P1_H
LUFNAC05,lufnac05_P1_H
LUMYEZ,lumyez_P1_charged_H
LUMYID,lumyid_P1_charged_H
LURRIA,lurria_P1_H
LUSYEF,lusyef_P1_H
LUTCEJ,lutcej_P1_H
LUXDUE,luxdue_P1_charged_H
LUXFEQ,luxfeq_P1_charged_H
LUXMAT,luxmat_P1_charged
MAFJIO,mafjio_P1_H
MAFZIE,mafzie_P1_H
MAFZUQ,mafzuq_P1_charged
MAGBON,magbon_P1_charged_H
MAHNUI,mahnui_P1_H
MAJCEJ,majcej_P1_charged_H
MAJCIN,majcin_P1_charged_H
MAJCOT,majcot_P1_charged_H
MAKHOY,makhoy_P1_H
MAPFIS,mapfis_P1_H
MARDAM,mardam_P1_charged_H
MARXEK,marxek_P1_H
MAYKOO,maykoo_P1_H
MEGBAD,megbad_P1_H
MEHMET,mehmet_P1_H
MERLAZ,merlaz_P1_H
MERLED,merled_P1_H
MIHMIC,mihmic_P1_charged_H
MIHMOI,mihmoi_P1_H
MILROQ,milroq_P1_H
MIRDOJ,mirdoj_P1_H
MITGIF,mitgif_P1_H
MITGOL,mitgol_P1_H
MITGUR,mitgur_P1_H
MITSAK,mitsak_P1_charged_H
MIXHAF,mixhaf_P1_H
MIXZOK,mixzok_P1_charged_H
MOBBOU,mobbou_P1_H
MOGVAG,mogvag_P1_H
MOSHUA,moshua_P1_H
MOTKAI,motkai_P1_H
MOXPIZ,moxpiz_P1_charged_H
MOYDOW,moydow_P1_H
MOYREA,moyrea_P1_H
MOYRIE,moyrie_P1_H
MOYTUR,moytur_P1_charged_H
MUDLON,mudlon_P1_H
MUDTAH,mudtah_P1_H
MUNDEG,mundeg_P1_H
MUNDOQ,mundoq_P1_H
MUVROM,muvrom_P1_charged_H
MUWQEB,muwqeb_P1_charged_H
MUZHUL,muzhul_P1_charged_H
NABMUA,nabmua_P1_H
NABMUA01,nabmua01_P1_H
NAGBUU,nagbuu_P1_H
NAGKOY,nagkoy_P1_H
NAHHAI,nahhai_P1_H
NAJMIV,najmiv_P1_charged_H
NAJQUN,najqun_P1_H
NAJZII,najzii_P1_charged_H
NALYEG,nalyeg_P1_H
NARPUU,narpuu_P1_H
NAVBIX,navbix_P1_charged_H
NAVJAW01,navjaw01_P1_H
NAVPAE,navpae_P1_charged_H
NAVPEI,navpei_P1_charged_H
NAYZOE,nayzoe_P1_H
NAZZEV,nazzev_P1_H
NDAIAH,ndaiah_P1_H
NEDWEA,nedwea_P1_H
NEDWIE,nedwie_P1_H
NEKBEL,nekbel_P1_H
NERMON,nermon_P1_H
NERTAH,nertah_P1_H
NEVDUQ,nevduq_P1_H
NEVTIU03,nevtiu03_P1_H
NEZWOG,nezwog_P1_H
NIBHOW,nibhow_P1_H
NIBHUC,nibhuc_P1_H
NIBJAK,nibjak_P1_H
NIBXUT,nibxut_P1_H
NIGDIS,nigdis_P1_H
NIHGAP,nihgap_P1_H
NIHVUX,nihvux_P1_H
NIJZIP,nijzip_P1_H
NIJZOV,nijzov_P1_H
NIKDAM,nikdam_P1_H
NIMXIS,nimxis_P1_H
NINVAI,ninvai_P1_charged_H
NIRDEX,nirdex_P1_H
NISPEL,nispel_P1_charged_H
NIVNOW,nivnow_P1_H
NIVNUC,nivnuc_P1_H
NIVWIY,nivwiy_P1_H
NIWYAV,niwyav_P1_H
NIWYEZ,niwyez_P1_H
NIZNOC,niznoc_P1_H
NOFQII,nofqii_P1_H
NOLVER,nolver_P1_H
NUFBEX,nufbex_P1_charged_H
NUFBUN,nufbun_P1_H
NUHVOE,nuhvoe_P1_H
NUHVUK,nuhvuk_P1_H
NUKRET,nukret_P1_H
NULNOA,nulnoa_P1_H
NUTQAV,nutqav_P1_H
NUTQEZ,nutqez_P1_H
NUVWEH,nuvweh_P1_H
NUVWIL,nuvwil_P1_H
NUYNAY,nuynay_P1_H
NUYNEC,nuynec_P1_H
OBUBOC,obuboc_P1_H
OCUGEZ,ocugez_P1_H
OCURIO,ocurio_P1_charged_H
OCUVUH,ocuvuh_P1_H
ODEZAB,odezab_P1_H
ODIXEG,odixeg_P1_H
OGEBAF,ogebaf_P1_H
OGEBAF01,ogebaf01_P1_H
OGURAK,ogurak_P1_charged_H
OHASUM,ohasum_P1_H
OHUKIM,ohukim_P1_H
OJAXUV,ojaxuv_P1_H
OJONOQ,ojonoq_P1_H
OKABAE,okabae_P1_H
OLANAS,olanas_P1_H
OMIPEH,omipeh_P1_charged_H
OMITUB,omitub_P1_charged_H
OMUSAS,omusas_P1_H
OPAPEB,opapeb_P1_H
OPAPIF,opapif_P1_H
OPAPOL,opapol_P1_H
OQIQUB01,oqiqub01_P1_charged_H
OQUWUU,oquwuu_P1_H
ORIVOC,orivoc_P1_H
ORIVUI,orivui_P1_H
ORIWAP,oriwap_P1_H
ORIWET,oriwet_P1_H
OSOBIK,osobik_P1_H
OSOCEH,osoceh_P1_H
OTUDEO,otudeo_P1_H
OTUDIS,otudis_P1_H
OVIZID,ovizid_P1_H
OVUQUU,ovuquu_P1_charged_H
OWAZOE,owazoe_P1_H
OXITOF,oxitof_P1_H
OXUPUT,oxuput_P1_H
OYADOK,oyadok_P1_H
OYAHAA,oyahaa_P1_charged_H
OYERER,oyerer_P1_charged_H
OZEMIQ,ozemiq_P1_charged_H
OZEMOW,ozemow_P1_charged_H
PACGIM,pacgim_P1_charged_H
PADBAZ,padbaz_P1_charged_H
PAPZAJ,papzaj_P1_H
PECKIV,peckiv_P1_H
PEFRUP,pefrup_P1_H
PEHQID,pehqid_P1_charged_H
PELRIJ,pelrij_P1_H
PEPFAT,pepfat_P1_H
PEWFII,pewfii_P1_H
PEXTUI,pextui_P1_H
PEYVEV,peyvev_P1_H
PIBNUK,pibnuk_P1_H
PIBNUK01,pibnuk01_P1_H
PIBPIA,pibpia_P1_H
PIKCUK,pikcuk_P1_charged_H
PIPKOR,pipkor_P1_charged_H
PIQFIG,piqfig_P1_H
PIQMUZ,piqmuz_P1_charged_H
PIRQOZ,pirqoz_P1_charged_H
PIZHUC,pizhuc_P1_charged_H
PIZNOB,piznob_P1_H
PIZPAP,pizpap_P1_H
PIZPET,pizpet_P1_H
PIZPIX,pizpix_P1_H
PIZPIX02,pizpix02_P1_H
PIZPOD,pizpod_P1_H
POBNEA,pobnea_P1_charged_H
PODCUJ,podcuj_P1_H
PODKOK,podkok_P1_H
PODKUQ,podkuq_P1_H
POHWIU,pohwiu_P1_H
POJNEI,pojnei_P1_charged_H
POKDIF,pokdif_P1_H
POKDIF01,pokdif01_P1_H
POKGEC,pokgec_P1_H
POMMAH,pommah_P1_charged_H
PONRES,ponres_P1_H
POSFOU,posfou_P1_H
POSWUS,poswus_P1_H
POXLIZ,poxliz_P1_H
POZHUI,pozhui_P1_charged_H
PUFNUB,pufnub_P1_H
PUKVAU,pukvau_P1_H
PUMDIM,pumdim_P1_charged_H
PUQJAP,puqjap_P1_H
PUSXIL,pusxil_P1_charged_H
PUSXIL01,pusxil01_P1_charged
PUYRAF,puyraf_P1_H
QACWEA,qacwea_P1_charged_H
QAGQEW,qagqew_P1_H
QALHIX,qalhix_P1_charged_H
QALWUZ,qalwuz_P1_charged_H
QALXAG,qalxag_P1_charged_H
QALXEK,qalxek_P1_charged_H
QALXIO,qalxio_P1_H
QALXOU,qalxou_P1_charged_H
QAMVEH01,qamveh01_P1_H
QANSUV,qansuv_P1_H
QANWOV,qanwov_P1_H
QANWUB,qanwub_P1_H
QATPUX,qatpux_P1_H
QAVBUL,qavbul_P1_H
QAZFAB,qazfab_P1_H
QEFLIA,qeflia_P1_charged_H
QEZZIF,qezzif_P1_H
QEZZOL,qezzol_P1_H
QIPROY,qiproy_P1_H
QISVAQ,qisvaq_P1_H
QITSAQ,qitsaq_P1_charged_H
QIWCOQ,qiwcoq_P1_H
QOPCII,qopcii_P1_charged_H
QOPHEI,qophei_P1_H
QOQDEH,qoqdeh_P1_H
QOSLES,qosles_P1_charged_H
QOTKOC,qotkoc_P1_charged_H
QOTKOC01,qotkoc01_P1_charged_H
QOTKOC02,qotkoc02_P1_charged_H
QOTKOC03,qotkoc03_P1_charged_H
QOTKOC04,qotkoc04_P1_charged_H
QOTLOD,qotlod_P1_charged_H
QOTLOD01,qotlod01_P1_charged_H
QOTLOD02,qotlod02_P1_charged_H
QOTLOD03,qotlod03_P1_charged_H
QOTLOD04,qotlod04_P1_charged_H
QOTLOD05,qotlod05_P1_charged_H
QOVDAH,qovdah_P1_H
QOVDEL,qovdel_P1_H
QOWRAV02,qowrav02_P1_H
QOWRAV03,qowrav03_P1_H
QOWRAV04,qowrav04_P1_H
QOWRAV05,qowrav05_P1_H
QOWRAV06,qowrav06_P1_H
QOWRAV07,qowrav07_P1_H
QOWRAV08,qowrav08_P1_H
QOWRAV09,qowrav09_P1_H
QOWRAV10,qowrav10_P1_H
QOWRAV11,qowrav11_P1_H
QOWRAV12,qowrav12_P1_H
QOXNEX,qoxnex_P1_H
QOYYOU,qoyyou_P1_H
QOZFUG,qozfug_P1_charged_H
QUBZAP,qubzap_P1_charged_H
QUSRUT,qusrut_P1
QUSSAB,qussab_P1_H
QUTTII01,quttii01_P1_H
RAHBOU,rahbou_P1_H
RAHNOF,rahnof_P1_H
RAJFAL,rajfal_P1_H
RAMJOH,ramjoh_P1_charged_H
RANWAH,ranwah_P1_H
RASXEP,rasxep_P1_H
RASXIT,rasxit_P1_H
RAVVUH,ravvuh_P1_H
RAVWAO,ravwao_P1_H
RAXCAW,raxcaw_P1_charged_H
RAYMIP,raymip_P1_H
RAYMOV,raymov_P1_H
RAZXIA,razxia_P1_H
RAZXIA02,razxia02_P1_H
REBSID,rebsid_P1_charged_H
REBSOJ,rebsoj_P1_charged_H
REBSUP,rebsup_P1_charged_H
REDROI,redroi_P1_H
REGJIW,regjiw_P1_H
REGJIW01,regjiw01_P1_H
RESMEJ,resmej_P1_charged_H
REWSUJ,rewsuj_P1_charged_H
REWTOF,rewtof_P1_H
REYMOZ,reymoz_P1_H
REZXEA,rezxea_P1_charged_H
REZXIE,rezxie_P1_charged_H
REZXIE01,rezxie01_P1_charged_H
RICBEM,ricbem_P1_H
RIDCEN,ridcen_P1_charged_H
RIFDUG01,rifdug01_P1_H
RIFQEC,rifqec_P1_H
RILFEA,rilfea_P1_H
RILJOO,riljoo_P1_charged_H
RIPTAM,riptam_P1_H
RISXAU,risxau_P1_H
RIWKOA,riwkoa_P1_H
RIWMUH,riwmuh_P1_H
RODJUS,rodjus_P1_H
ROFYOD,rofyod_P1_charged_H
RONCIG,roncig_P1_H
ROQZOP,roqzop_P1_H
RORBAE01,rorbae01_P1_H
RORRIC01,rorric01_P1_H
RORRIC02,rorric02_P1_H
RORRIC03,rorric03_P1_H
RORRIC05,rorric05_P1_H
RORRIC06,rorric06_P1_H
ROSKER,rosker_P1_H
ROSZIL,roszil_P1_charged_H
ROSZOR,roszor_P1_charged_H
ROTNUM,rotnum_P1_H
ROTNUM01,rotnum01_P1_H
RUBDUP,rubdup_P1_H
RUBLAD03,rublad03_P1_H
RUJGOT,rujgot_P1_H
RULQIY,rulqiy_P1_H
RUPVAB,rupvab_P1_charged_H
RUVKAV,ruvkav_P1_H
RUYQIN,ruyqin_P1_H
RUYQIN01,ruyqin01_P1_H
RUYQIN02,ruyqin02_P1_H
RUYQIN03,ruyqin03_P1_H
RUYTUC,ruytuc_P1_H
RUYVAK,ruyvak_P1_H
RUYVIS,ruyvis_P1_H
SADLIU,sadliu_P1_H
SAHNIZ,sahniz_P1_charged_H
SAKNOJ,saknoj_P1_H
SALXEL,salxel_P1_H
SALXIP,salxip_P1_H
SAQQAD,saqqad_P1_H
SAQQEH,saqqeh_P1_H
SAQQIL,saqqil_P1_H
SAQQOR,saqqor_P1_H
SAXVIA,saxvia_P1_H
SECSUR,secsur_P1_H
SECXAD,secxad_P1
SEHXIN,sehxin_P1_H
SEKBIW,sekbiw_P1_H
SEKBOC,sekboc_P1_H
SELKEC,selkec_P1_H
SEQSIS,seqsis_P1_H
SIJMOQ,sijmoq_P1_H
SIXNEV,sixnev_P1_H
SOBDOF,sobdof_P1_H
SOBTUY,sobtuy_P1_H
SOCKEC,sockec_P1_H
SODRUB,sodrub_P1_charged_H
SOFJOO,sofjoo_P1_H
SOGWIV,sogwiv_P1_charged
SOJSUH,sojsuh_P1_H
SOJTOC,sojtoc_P1_charged_H
SOTTUR,sottur_P1_charged_H
SOZGIZ,sozgiz_P1
SOZGOF,sozgof_P1
SOZRUW,sozruw_P1
SOZSAD,sozsad_P1
SOZSEH,sozseh_P1
SOZSIL,sozsil_P1_H
SOZSOR,sozsor_P1
SOZSUX,sozsux_P1_H
SUKREX,sukrex_P1_H
SUKRIB,sukrib_P1_H
SUKYIH,sukyih_P1_H
SUKYON,sukyon_P1_H
SUNLAP,sunlap_P1_H
SUQHUJ,suqhuj_P1_charged_H
SURWAG,surwag_P1_charged_H
TAGTIH,tagtih_P1_charged_H
TAGTUT,tagtut_P1_H
TASYUJ,tasyuj_P1_charged_H
TASZAQ,taszaq_P1_charged_H
TASZEU,taszeu_P1_charged_H
TAXNUF,taxnuf_P1_H
TAZLIR,tazlir_P1_H
TAZLOX,tazlox_P1_H
TAZLUD,tazlud_P1_H
TEGHAS,teghas_P1_H
TEJBUI,tejbui_P1_H
TEKYOA,tekyoa_P1_H
TETWUM,tetwum_P1_H
TETXAT01,tetxat01_P1_H
TEWFOS,tewfos_P1_H
TEWFUY,tewfuy_P1_H
TEWMUG,tewmug_P1_H
TIHTUC,tihtuc_P1_H
TIQHAD,tiqhad_P1_H
TISKOW,tiskow_P1_H
TISLIR,tislir_P1_H
TISNUH,tisnuh_P1_H
TISPAP,tispap_P1_H
TIXVON,tixvon_P1_H
TOCNUX,tocnux_P1_H
TODLEG,todleg_P1_H
TOGFIH,togfih_P1_charged_H
TOGGOO,toggoo_P1_charged_H
TOGMIO,togmio_P1_H
TOHNOV,tohnov_P1_H
TOMBAB,tombab_P1_charged_H
TOVKEW,tovkew_P1_H
TOVKIA,tovkia_P1_H
TOVKOG,tovkog_P1_H
TOWLOI,towloi_P1_H
TOWNAW,townaw_P1_H
TOWNOK,townok_P1_H
TOWPAY,towpay_P1_H
TUBDAY,tubday_P1_H
TUHDIM,tuhdim_P1_H
TULLIX,tullix_P1_H
TUMGIS,tumgis_P1_H
TUNCAI,tuncai_P1_H
TUPZOW,tupzow_P1_charged_H
TUSGUJ,tusguj_P1_charged_H
TUVCIZ,tuvciz_P1_H
TUVDIX,tuvdix_P1_H
TUVDOD,tuvdod_P1_H
TUVDUJ,tuvduj_P1_H
TUXVOA,tuxvoa_P1_H
TUXVUG,tuxvug_P1_H
UBOGAV,ubogav_P1_H
UCEXAC,ucexac_P1_H
UCEXIK,ucexik_P1_H
UCEXOQ,ucexoq_P1_H
UCOXOZ,ucoxoz_P1_H
UDIDAO,udidao_P1_H
UDIHOF,udihof_P1_charged_H
UDISAE,udisae_P1_charged_H
UDISUX,udisux_P1
UDITAE,uditae_P1
UDITEI,uditei_P1
UDOVUG,udovug_P1_H
UFASAW,ufasaw_P1_H
UGOSOY,ugosoy_P1_charged_H
UHAXOS,uhaxos_P1_charged_H
UJECIY,ujeciy_P1_H
UJEDIX,ujedix_P1_H
UKAHOG,ukahog_P1_H
UKIQOV,ukiqov_P1_H
UKUDEL,ukudel_P1_H
ULALOL,ulalol_P1_charged_H
ULIJAD,ulijad_P1_H
ULIMIN,ulimin_P1_H
UMABIV,umabiv_P1_H
UMIGAA,umigaa_P1_charged_H
UMOYOM17,umoyom17_P1_H
UQOYAB,uqoyab_P1_H
UQUCUG,uqucug_P1_H
UTACID,utacid_P1_H
UTEWOG,utewog_P1_H
UTIYIH,utiyih_P1_charged_H
UVEVUN,uvevun_P1_H
UVUFUN,uvufun_P1_charged_H
UWAYID,uwayid_P1_charged_H
UXISUR,uxisur_P1_H
UYETUQ,uyetuq_P1_charged_H
UYEVEC,uyevec_P1_charged_H
UYEVUS,uyevus_P1_charged_H
UYEWUT,uyewut_P1_charged_H
UYOCIX,uyocix_P1_H
UYUGEC,uyugec_P1_H
VAGMAT,vagmat_P1_H
VAGMEX,vagmex_P1_H
VAHTUW,vahtuw_P1_H
VAKNEE,vaknee_P1_H
VALQUY,valquy_P1_charged_H
VALVIQ,valviq_P1_H
VAPFOJ,vapfoj_P1_H
VAPFUP,vapfup_P1_H
VASFAZ,vasfaz_P1_H
VASFED,vasfed_P1_H
VASFIH,vasfih_P1_H
VASFON,vasfon_P1_H
VASFUT,vasfut_P1_H
VASQAL,vasqal_P1_charged_H
VASQEP,vasqep_P1_charged_H
VATNOX,vatnox_P1_H
VATQAM,vatqam_P1_charged_H
VATYEV,vatyev_P1_charged_H
VAZHEN,vazhen_P1_H
VEGBUG,vegbug_P1_H
VEGCAN,vegcan_P1_H
VEHKOK,vehkok_P1_charged_H
VEHYUE,vehyue_P1_H
VEJHEZ,vejhez_P1_H
VENGAZ,vengaz_P1_charged_H
VERGAD,vergad_P1_H
VEWDAF,vewdaf_P1_H
VIDPIJ,vidpij_P1_H
VIDXOX,vidxox_P1_H
VIFBOD,vifbod_P1_H
VIFBUJ,vifbuj_P1_H
VIGDIY,vigdiy_P1_H
VISYUU,visyuu_P1_H
VISZEF,viszef_P1_H
VITYOO,vityoo_P1_charged_H
VITYUU,vityuu_P1_charged_H
VITZAB,vitzab_P1_charged_H
VITZEF,vitzef_P1_charged_H
VITZIJ,vitzij_P1_charged_H
VIWKIX,viwkix_P1_charged_H
VIWKOD,viwkod_P1_charged_H
VIWLAQ,viwlaq_P1_charged_H
VIWLEU,viwleu_P1_charged_H
VIWLIY,viwliy_P1_charged_H
VIWLOE,viwloe_P1_charged_H
VIWMAR,viwmar_P1_charged_H
VIWMEV,viwmev_P1_charged_H
VIXPUP02,vixpup02_P1_H
VIZFOC,vizfoc_P1_H
VOGTIV,vogtiv_P1_H
VONCOS,voncos_P1_H
VOSWIL,voswil_P1_charged_H
VOXKIE,voxkie_P1_H
VUCFAD,vucfad_P1_charged_H
VUJBEI,vujbei_P1_H
VUJBIM,vujbim_P1_H
VUMBIQ,vumbiq_P1_H
VUPROQ,vuproq_P1_H
VUWSAJ,vuwsaj_P1_H
VUYJIK,vuyjik_P1_H
WAGZEL,wagzel_P1_charged_H
WAHRIJ,wahrij_P1_charged_H
WAMREJ,wamrej_P1_H
WASBUR,wasbur_P1_H
WASNOU,wasnou_P1_charged_H
WAVQIV,wavqiv_P1_charged_H
WAVQOB,wavqob_P1_charged_H
WAVWAV,wavwav_P1_H
WEHHOI,wehhoi_P1_H
WEHHUO,wehhuo_P1_H
WEHJAW,wehjaw_P1_H
WEMBUN,wembun_P1
WEMCAU,wemcau_P1
WEMDUP,wemdup_P1
WEMFEB,wemfeb_P1
WEQRAO,weqrao_P1_H
WEVYEE,wevyee_P1_H
WIGPUA,wigpua_P1_H
WIHHAZ,wihhaz_P1_H
WIJRIT,wijrit_P1_H
WIRCAD,wircad_P1_H
WIRCOS,wircos_P1_H
WITJOA,witjoa_P1
WITJUG,witjug_P1_charged_H
WIZDEP,wizdep_P1_H
WOBHEB01,wobheb01_P1_H
WOFQEQ,wofqeq_P1_charged_H
WOFQIU,wofqiu_P1_charged_H
WOFQOA,wofqoa_P1_charged_H
WOFVOF,wofvof_P1_H
WOGNOY,wognoy_P1_H
WOGPAM,wogpam_P1_H
WOPSOL,wopsol_P1_H
WOPSOL01,wopsol01_P1_H
WOTVOT,wotvot_P1_H
WOYHUP,woyhup_P1_charged_H
WOYJAX,woyjax_P1_charged_H
WOYJEB,woyjeb_P1_charged_H
WOYJIF,woyjif_P1_charged_H
WOYJOL,woyjol_P1_charged_H
WOYWIS,woywis_P1_charged_H
WOYWOY,woywoy_P1_H
WOZWEP,wozwep_P1_charged_H
WUDVEY,wudvey_P1_H
WUHHEN,wuhhen_P1_H
WUHMAP,wuhmap_P1_H
WUJRUQ,wujruq_P1_H
WUPZUE,wupzue_P1_H
XADDAJ,xaddaj_P1_H
XAFFAN,xaffan_P1_H
XAFFER,xaffer_P1_H
XAFFIV,xaffiv_P1_H
XAFFOB,xaffob_P1_H
XAFFUH,xaffuh_P1_H
XAKGOJ,xakgoj_P1_H
XALXUF,xalxuf_P1_H
XALXUF01,xalxuf01_P1_H
XAMDUM,xamdum_P1_H
XAMDUM01,xamdum01_P1_H
XAMDUM02,xamdum02_P1_H
XAMDUM03,xamdum03_P1_H
XAMDUM04,xamdum04_P1_H
XAMDUM05,xamdum05_P1_H
XAMDUM06,xamdum06_P1_H
XAMDUM07,xamdum07_P1_H
XANDAU,xandau_P1_H
XASNUD,xasnud_P1_charged_H
XAWVUN,xawvun_P1_H
XEBHOC,xebhoc_P1_H
XEDMEB,xedmeb_P1_H
XEDYIS,xedyis_P1_H
XEHFUL01,xehful01_P1_H
XEHFUL02,xehful02_P1_H
XEMNUB,xemnub_P1_H
XESKEN,xesken_P1_H
XESKIR,xeskir_P1_H
XESKUD,xeskud_P1_H
XESLAK,xeslak_P1_H
XEWFAI,xewfai_P1_H
XEYMIZ,xeymiz_P1_charged_H
XIDCEV,xidcev_P1_H
XIMJOV,ximjov_P1_charged_H
XIMJUB,ximjub_P1_charged_H
XISXEE,xisxee_P1_H
XITYOP,xityop_P1_H
XOFFUT,xoffut_P1_charged_H
XOGXAU,xogxau_P1_H
XOJXEA,xojxea_P1_charged_H
XOVVEK,xovvek_P1_H
XOVVIO,xovvio_P1_H
XUBGUY,xubguy_P1_H
XUCNOZ,xucnoz_P1_H
XUCSAR,xucsar_P1_H
XUCSAR01,xucsar01_P1_H
XUDNUH,xudnuh_P1_H
XUDPIX,xudpix_P1_H
XUFWOM,xufwom_P1_H
XUGWAZ,xugwaz_P1_H
XUKMEY,xukmey_P1_charged_H
XUKMIC03,xukmic03_P1_charged_H
XUKMUO,xukmuo_P1_charged_H
XUNVAF,xunvaf_P1_H
XUSZAP,xuszap_P1_H
XUSZET,xuszet_P1_H
YABHER,yabher_P1_H
YAJQIN,yajqin_P1_H
YAPPEO,yappeo_P1_charged_H
YAPPOY,yappoy_P1_charged_H
YAQBAX,yaqbax_P1_charged_H
YASLOW,yaslow_P1_charged_H
YAWKOX,yawkox_P1_H
YEDKUO,yedkuo_P1_H
YEKQOW,yekqow_P1_H
YELYOE,yelyoe_P1_H
YEMJAC,yemjac_P1_H
YEMMAF,yemmaf_P1_H
YESSUN,yessun_P1_charged_H
YESTAU,yestau_P1_charged_H
YEVTOL,yevtol_P1_charged_H
YEVTUR,yevtur_P1_charged_H
YILBIG,yilbig_P1_H
YINXIE,yinxie_P1_charged_H
YIWFAO,yiwfao_P1_H
YOCGAZ,yocgaz_P1_H
YODRAM,yodram_P1_H
YODWOF,yodwof_P1_charged_H
YOFLUB,yoflub_P1_H
YOGKOW,yogkow_P1_H
YOLHAL,yolhal_P1_charged_H
YOMBAE,yombae_P1_H
YOXGOJ,yoxgoj_P1_H
YOZQAG,yozqag_P1_H
YUBZIH,yubzih_P1_H
YUDFIO,yudfio_P1_H
YUDFOU,yudfou_P1_H
YUGLES,yugles_P1_H
YUJCOX,yujcox_P1_H
YUJGES,yujges_P1_charged_H
YUSTUC,yustuc_P1_charged_H
YUSWEP,yuswep_P1_H
YUVMIO,yuvmio_P1_charged_H
YUYLIP,yuylip_P1_charged_H
YUYLOV,yuylov_P1_charged_H
ZADGAQ,zadgaq_P1_charged_H
ZAFXAI,zafxai_P1_charged_H
ZAGZAM,zagzam_P1_charged_H
ZAGZEQ,zagzeq_P1_charged_H
ZAHBAP,zahbap_P1_charged_H
ZAHBET,zahbet_P1_charged_H
ZAHLIG,zahlig_P1_H
ZAHLOM,zahlom_P1_H
ZAJMEG,zajmeg_P1_charged_H
ZALGEB,zalgeb_P1_H
ZALGOL,zalgol_P1_charged_H
ZARMAI,zarmai_P1_charged_H
ZAXSAV,zaxsav_P1_H
ZEDVIP,zedvip_P1_charged_H
ZEDVOV,zedvov_P1_charged_H
ZEDVUB,zedvub_P1_charged_H
ZEDWAI,zedwai_P1_charged_H
ZEDZAL,zedzal_P1_H
ZEDZAL01,zedzal01_P1_H
ZEFDIA,zefdia_P1_H
ZEFDOG,zefdog_P1_H
ZEFLED,zefled_P1_H
ZEHTEP,zehtep_P1_charged_H
ZEJFAY,zejfay_P1_H
ZEXSOM,zexsom_P1_H
ZEYRIH,zeyrih_P1_H
ZINDAD,zindad_P1_H
ZINRIA,zinria_P1_H
ZIPRUO,zipruo_P1_H
ZIQGOX,ziqgox_P1_H
ZIYSEI,ziysei_P1_charged_H
ZOHFUZ,zohfuz_P1_charged_H
ZOYFOL,zoyfol_P1_H
ZUJXIO,zujxio_P1_H
ZUKXIP,zukxip_P1_H
ZUKXIP01,zukxip01_P1_H
ZUKXIP03,zukxip03_P1_H
ZUKXOV,zukxov_P1_H
ZUKXOV02,zukxov02_P1_H
ZUVTEP,zuvtep_P1_H
